Item name,Type,Wsp,Price,Initial,Stock,Status,Description,SEO,Dominance,THC,CBD,effects,relieves
Ben & Gary's,Strain,30,400,255,26,In stock,"Discover the delightful Ben & Gary's strain from Exotic Genetix, a tantalizing 70/30 Indica-dominant hybrid that brings a creamy, fruity experience reminiscent of berry ice cream and fizzy drinks. This unique strain results from the remarkable crossing of the Ben & Berries and Gary Poppins varieties, each contributing its own exceptional characteristics. \n\n Ben & Berries, an elite clone developed by Lumpy's Flowers, is a luscious combination of Apple Fritter and Reckless Rainbow. Its conical, forest-green buds are adorned with fine orange hairs and coated in a thick layer of crystalline white trichomes, promising a visually stunning experience. The flavor profile bursts with super sweet and sugary berry notes, complemented by fresh blueberries and spicy apples, all wrapped in soft hints of floral herbs. This strain is perfect for anyone seeking maximum fruity flavor. \n\n On the other hand, Gary Poppins is an indica-dominant hybrid derived from the renowned Red Runtz lineage. This strain showcases a unique Kool-Aid-like terpene profile, making it an intriguing choice for growers and enthusiasts alike. With its impressive yield and straightforward cultivation process, Ben & Gary's is a must-try for anyone looking to elevate their cannabis experience with truly unique aromas and flavors.","Experience Ben & Gary's by Exotic Genetix: a creamy, fruity strain with berry ice cream aromas and a delightful indica-dominant profile.",Indica 70%,26.0,0.0,"Euphoria, Relaxation, Creativity","Stress, Pain, Insomnia"
Lime Skunk,Strain,40,400,150,23,In stock,"Immerse yourself in Lime Skunk, a sativa-dominant hybrid (60% sativa/40% indica) crafted from Lemon Skunk and Green Ribbon BX. This strain dazzles with a vibrant aroma of sour lemon-lime, infused with skunky herbs and a touch of earthy spiciness that awakens the senses. Its flavor bursts with tangy citrus, delivering a bold, zesty punch followed by a subtle, spicy earthiness that lingers smoothly on the palate, offering a refreshing and invigorating experience. Boasting 17-23% THC, Lime Skunk ignites a lively, uplifting high, perfect for daytime adventures or vibrant social moments. \n\n Its pepper-shaped, lime-green buds, adorned with vivid orange hairs and a thick coating of golden-amber trichomes, showcase exceptional craftsmanship. Grown organically in Thailand’s lush, tropical climate, free from pesticides and heavy metals, this strain ensures purity and premium quality. Lime Skunk captures the essence of Thailand’s dynamic cannabis culture, evoking the exhilarating vibe of a sun-drenched beach festival. \n\n Its bold, citrusy profile and potent effects make it a standout choice for enthusiasts seeking a thrilling, fruit-forward experience that elevates every moment with authenticity and energy.","Lime Skunk, a sativa hybrid, blends tangy lime and skunky flavors with 17-23% THC for an energizing, creative high in Thailand’s cannabis scene.",Sativa 60%,21.0,0.0,"Energizing buzz, Enhanced creativity, Social ease","FatigueLack of focus, Social anxiety"
ML Peachy,Strain,25,200,300,220.5,In stock,"Discover ML Peachy, a sativa-dominant hybrid (70% sativa/30% indica) from Eclipse Genetics, Thai-born and bred for tropical excellence. This 24% THC powerhouse, a cross of Apple Fritter and Namwah, captivates with an aroma blending tropical fruits, citrus, strawberry, peach, earthy tones, and spice. \n\n Its flavor echoes creamy apricot sweetness with fruity creaminess, underpinned by limonene, caryophyllene, and myrcene terpenes for a rich profile.Grown indoors for premium quality, ML Peachy delivers a euphoric, happy high that transitions to gentle relaxation, perfect for evening unwinding. \n\n Its dense buds shine with resin, offering a smooth, flavorful smoke that elevates moods without overwhelming intensity.Ideal for Thailand's cannabis enthusiasts, ML Peachy embodies authentic Thai innovation, providing a vibrant, fruit-forward experience that harmonizes energy and calm in every puff.","ML Peachy, Thai-bred sativa hybrid with 24% THC. Creamy apricot and fruity flavors for euphoric, relaxing highs.",Sativa  70%,24.0,0.0,"Euphoric lift, Happy mood, Relaxing calm","Pain, Depression, Insomnia"
Mango Sticky Rice,Strain,60,450,1050,48.65,In stock,"Mango Sticky Rice, named after the beloved Thai dessert, is a sativa-dominant hybrid (70% sativa, 30% indica) that boasts a unique heritage. This award-winning strain (winner at the first Thai Cannabis Cup in March 2023) is a product of a breeding program focused on promoting new genetics with advantageous traits for Thailand's tropical climate. The program also aims to preserve the rich history of cannabis varieties native to the country. \n\n This strain offers a truly sensory experience. Lush, neon green nugs with a coating of crystal trichomes give way to a sweet and tropical aroma and flavor profile. Expect notes of mango, coconut, and rice, reminiscent of its namesake dessert. The effects lean towards a clear-headed euphoria, perfect for a creative boost or a social gathering. \n\n Beyond Relaxation: Mango Sticky Rice's Versatility. Mango Sticky Rice transcends its recreational uses. Its high THC content (20-22%) makes it a potential candidate for alternative medicine, with some users reporting relief from various physical and mental conditions.  Interestingly, this strain can also be enjoyed as a herbal tea, offering a unique way to experience its properties.","Mango Sticky Rice, a sativa-dominant hybrid, offers a tropical aroma of mango and coconut with 20-22% THC. Enjoy its clear-headed euphoria and creative boost.",Sativa  70%,22.0,0.0,"Euphoria, Relaxing, Creative","Anxiety, Depression, Insomnia"
Cartier OG,Strain,25,300,300,295,In stock,"Cartier OG is a hybrid strain bred by Aficionado French Connection, crossing Hollywood Pure Kush (clone only) with Paris OG Bx. This powerhouse boasts THC levels up to 28%, delivering a fun, balanced Indica-Sativa experience. Its dense, colorful buds showcase high resin production, with an aroma blending earthy Kush notes, pine, lemon, diesel, sandalwood, and citric hints for a resinous, captivating scent. \n\n The flavor mirrors the aroma, offering a powerful diesel base with pine-lemon freshness and earthy spice, making each puff smooth and mouthwatering. Grown organically in Thailand's tropical climate, free from pesticides and heavy metals, Cartier OG ensures premium purity. \n\n Its buds are visually stunning, with hues that evoke US classics, perfect for Thailand's vibrant cannabis scene.This strain provides a potent, enjoyable high that keeps you engaged without extremes, ideal for social or creative moments. Cartier OG's authenticity and strength make it a top choice for enthusiasts seeking a high-THC hybrid with classic OG charm.","Cartier OG, a potent hybrid with up to 28% THC. Earthy diesel and pine flavors for a balanced, fun high in Thailand's cannabis scene.",Hybrid,28.0,0.0,"Potent buzz, Balanced relaxation, Uplifting mood","Pain, Stress, Anxiety"
Pink Zkittlez,Strain,20,150,1400,-62.7,In stock,"Pink Zkittlez is an evenly balanced hybrid (50% indica / 50% sativa) that delivers both mental clarity and full-body relaxation. Created by crossing Tropical Cherry and Zkittlez Bomb, this stunning strain boasts a vibrant pink appearance, with long, tapered forest green nugs featuring bright pink undertones, pinkish-orange hairs, and a frosty layer of light pink-tinted trichomes. \n\n Breaking apart its resinous buds unleashes a burst of tropical sweetness, blending zesty candy, pink fruits, and a hint of spicy gas. The flavor profile is even more captivating, combining sour pineapple candy, fresh strawberries, and ripe cherries for a mouthwatering experience. \n\n The high-THC content (27-31%) ensures an immediate euphoric uplift, enhancing focus, creativity, and motivation for mentally engaging tasks. As the cerebral buzz settles, a deep physical relaxation takes over, leaving you calm yet mentally alert. Despite its soothing effects, Pink Zkittlez won't drain your energy, making it ideal for daytime or evening use. With its potent effects and rich terpene profile, Pink Zkittlez is a top choice for managing chronic fatigue, pain, depression, headaches, nausea, and ADD/ADHD. Whether you're looking for a flavor-packed smoke or a balanced high, this strain delivers a sensory experience as stunning as its pink-hued buds.","Pink Zkittlez, a stunning hybrid with pink hues, offers tropical candy flavors and a euphoric yet relaxing high. Perfect for focus, creativity, and pain relief.",Hybrid,27.0,0.0,"Focused, Relaxed, Euphoric","Chronic Pain, Depression, Fatigue"
Pop Star,Strain,23,250,1250,4.3,In stock,"Pop Star by Exotic Genetix is a resin-packed cannabis hybrid that blends power and flavor into one unique strain. A cross between the legendary Starfighter and Gary Poppins, Pop Star combines the best traits of its parents, offering a delightful experience for both connoisseurs and cultivators. Starfighter, known for its resin explosion and potent effects, pairs perfectly with Gary Poppins, a cross between Gary Payton and Red Runtz, bringing a fruity and exotic twist to this strain. Together, they create a cannabis masterpiece packed with terpenes, cannabinoids, and unmatched flavor. \n\n With its 80% indica and 20% sativa genetics, Pop Star features compact growth and a quick flowering period. Indoors, expect this strain to be ready for harvest in 8 to 9 weeks, delivering up to 650g per m². Outdoors, plants thrive in open ground, yielding an impressive 1200g per plant by late September or early October. These abundant yields, combined with its dense, resinous buds, make Pop Star a top choice for those who seek high-quality cannabis concentrates. \n\n Pop Star’s terpene profile brings a festival of flavors to the palate. Expect smooth vanilla and sweet cherry notes, complemented by earthy undertones, with subtle hints of beer and petrol. The strain’s aroma and taste are a sensory delight, making it a favorite for those who appreciate complex and rich cannabis flavors. In terms of effects, Pop Star starts with a happy, uplifting high that boosts your mood, eventually settling into a soothing, full-body relaxation. Its balanced effects make it perfect for unwinding after a long day while keeping a pleasant, euphoric vibe. Pop Star by Exotic Genetix is ideal for those looking for a strain with abundant resin production, a rich flavor profile, and balanced effects. Whether you’re growing it for concentrates or enjoying it as flower, Pop Star delivers both quality and quantity.","Pop Star by Exotic Genetix is an 80% indica hybrid with rich vanilla, cherry flavors, high THC, and balanced, relaxing effects.",Indica 80%,26.0,0.0,"Euphoric, Relaxing, Balanced High","Anxiety, Pain, Stress"
Poppin Fresh,Strain,40,300,245,30.7,In stock,"Poppin Fresh by Exotic Genetix is an indica-dominant hybrid (70/30) born from a unique collaboration between Compound Genetics, Family THC Cookies, and rapper Quavo Huncho. \n\n Created by crossing Pavé (Paris OG x The Menthol) with Gary Poppins, this rare strain delivers a flavorful and potent experience. \n\n Poppin Fresh offers a complex aroma profile that blends sweet, woody, fuel, and gas notes, making it a favorite among seasoned cannabis enthusiasts. With a THC content of 26%, it provides a powerful, relaxing effect that is ideal for unwinding. Its terpene profile includes spicy, sweet, and ice cream-like aromas with a hint of gas, reminiscent of Kool-Aid. This strain is easy to cultivate, offering excellent yields and exceptional quality, making it a must-try for growers and connoisseurs alike.","Poppin Fresh by Exotic Genetix: Indica-dominant (70/30) hybrid with 26% THC. Sweet, spicy, and gassy aroma. Relaxing and flavorful. Easy to grow.",Indica 70%,26.0,0.0,"Relaxation, Euphoria, Sedation","Stress, Insomnia, Chronic Pain"
Slaphappy,Strain,18,400,740,43.5,In stock,"Slaphappy is a captivating 70/30 indica-dominant hybrid from the creative minds at Exotic Genetix, bred by crossing Tina (Constantine x Triple OG) with Gary Poppins (Gary Payton x Red Runtz). This strain is a sensory masterpiece, showcasing deep purple buds adorned with fiery orange hairs and a rich, dark foliage backdrop. Its aroma is equally striking, blending sweet caramel, diesel, spices, and a bold kerosene-like fuel scent, promising a complex and unforgettable profile. \n\n Slaphappy is not only a delight for connoisseurs but also a favorite among growers. Known for its robust genetics, this strain offers exceptional production and ease of cultivation, making it a top pick for both experienced and novice cultivators. With its lineage tied to iconic strains like Slippery Susan and Cream & Sugar, Slaphappy carries forward the exotic terpene profiles Exotic Genetix is celebrated for. \n\n The effects are as potent as the aroma, delivering a powerful punch of relaxation and euphoria. Ideal for evening use, Slaphappy melts away stress and tension, replacing it with a sense of tranquility and contentment. Its unique terpene profile, reminiscent of Kool-Aid drinks, makes every session a flavorful journey. This strain is a go-to for managing chronic pain, insomnia, and stress while providing a sweet escape into relaxation.","Slaphappy is a 70/30 indica-dominant hybrid with rich flavors of caramel, diesel, and spices. It delivers powerful relaxation and stress relief.",Indica 70%,30.0,0.0,"Euphoric, Relaxed, Sleepy","Stress, Chronic Pain, Insomnia"
Star Point,Strain,18,250,200,35.5,In stock,"Star Point is a captivating pure sativa strain originating from the lush highlands of Phuket, Thailand. Bred by expert cultivators at Green Ghost, this strain stands out with its unique starry bud structure, where trichomes form constellations on the dense, resinous flowers. The aroma is a burst of fresh citrus and pine, reminiscent of a walk through a tropical forest at dawn. With THC levels around 20%, Star Point offers a cerebral lift that sparks creativity and enhances focus, making it ideal for artists, writers, and anyone needing mental stimulation.\n\nUpon consumption, the high begins with a gentle euphoria that builds into an energetic wave, promoting motivation and sociability without anxiety. Users report improved mood, reduced fatigue, and a sense of well-being that lasts for hours. This strain is perfect for daytime use, helping with tasks that require concentration and imagination. The flavor profile is sweet and tangy, with notes of lemon and spice that linger pleasantly.\n\nMedically, Star Point is beneficial for alleviating stress, depression, and fatigue. Its uplifting effects can help manage mild pain and provide relief from anxiety-related conditions. Grown organically in indoor environments, Star Point achieves AAA grade quality, ensuring purity and potency. Whether you're exploring new ideas or simply enjoying a productive day, Star Point delivers a stellar experience that lives up to its name.","Star Point, a pure sativa from Green Ghost in Phuket, features starry trichome-covered buds with citrus-pine aroma. Energizes mind, boosts creativity, relieves stress and fatigue for daytime productivity.",Sativa 60%,25.0,0.0,"Energetic, Creative, Focused","Stress, Fatigue, Depression"
Strawneapple,Strain,14,350,550,30.5,In stock,"Strawneapple is a perfectly balanced 50/50 hybrid strain bred by Exotic Genetix, born from the remarkable genetic combination of Purple Pineapple and Gary Poppins. This strain offers a delightful experience with its sweet pineapple aroma complemented by earthy undertones, making it a treat for both the senses and the mind. With a flowering period of 8-9 weeks indoors and outdoor harvests ready by late September to early October, Strawneapple is a versatile choice for growers. Indoor yields reach up to 700 grams per square meter, while outdoor plants can produce a staggering 1300 grams. \n\n The effects of Strawneapple are equally impressive, delivering a harmonious blend of relaxation and uplifting energy. It starts with a gentle cerebral buzz that enhances creativity and focus before transitioning into a soothing body high that eases tension. These balanced effects make it a go-to for those seeking a strain that combines euphoria with tranquility. \n\n Strawneapple's dominant terpenes contribute to its tropical pineapple flavor with subtle earthy nuances, creating a truly exotic profile. This strain is often chosen by medical cannabis users for its ability to alleviate stress, anxiety, and chronic pain. Its resinous buds, vibrant green hues, and tantalizing aroma make Strawneapple an unforgettable strain for enthusiasts and cultivators alike.","Strawneapple is a balanced hybrid with tropical pineapple flavors and earthy tones, offering uplifting energy and deep relaxation. Perfect for stress relief.",Hybrid,25.0,0.0,"Energetic, Tingly, Relaxed","Anxiety, Chronic Pain, Depression"
Thai Stick,Strain,35,100,1150,35.5,In stock,"Discover the rich legacy of the Thai Stick strain, a pure sativa landrace deeply rooted in the fertile landscapes of Thailand. Brought to the United States in the 70s and 80s, Thai Stick—named for its traditional drying method where buds are bound onto long sticks—has left a lasting impact on the cannabis world. This strain has inspired several notable descendants, such as Voodoo, Juicy Fruit, and the classic Haze. Its unique heritage contributes to its potent yet smooth effects, making it a prized choice among connoisseurs. \n\n Thai Stick is renowned for its distinctive fruity and citrus aroma, which sets it apart from other strains. Despite its appeal, this strain presents a growing challenge outside of tropical climates, requiring a greenhouse environment to thrive. With a notably extended growth cycle and slow flowering process, Thai Stick demands patience and expertise from growers. However, the reward is a strain with a unique profile and robust effects. \n\n On consumption, Thai Stick offers a quintessential sativa high that begins with a gradual onset of euphoria. This uplifting sensation builds to a peak that leaves users feeling invigorated and motivated, while a calming relaxation settles in without impeding physical activity. Its THC levels, typically ranging from 15-20%, contribute to its effectiveness in addressing chronic fatigue, inattentiveness, depression, appetite loss, and stress. The strain’s sweet tropical flavor and spicy, skunky exhale further enhance its appeal, making it a memorable choice for both recreational and therapeutic use.","Thai Stick is a pure sativa strain with a fruity, citrus aroma and potent effects. Known for its unique drying method and long growth cycle, it offers uplifting euphoria and calming relaxation.",Sativa  100%,19.0,0.0,"Energetic, Focused, Creative","Stress, Depression, Anxiety"
Toasted Toffee,Strain,18,500,376,36,In stock,"Toasted Toffee is a balanced hybrid strain, born from the cross of White Truffles and Gary Poppins. Known for its rich terpene profile featuring b-Caryophyllene, Limonene, and a-Humulene, this strain offers a smooth blend of relaxation and mood elevation. With its toffee-like aroma and subtle earthy undertones, Toasted Toffee delivers a unique sensory experience. \n\n The effects are both uplifting and relaxing, making it perfect for relieving stress while maintaining a happy, carefree mood. \n\n Whether you're dealing with pain, depression, anxiety, or stress, this strain offers relief with a euphoric touch. Its balanced nature makes it suitable for day or night use, allowing users to unwind without feeling overly sedated.","Toasted Toffee strain: A hybrid with uplifting, relaxing effects. May relieve pain, stress, anxiety, or depression. Rich in b-Caryophyllene and Limonene terpenes.",Hybrid,25.0,0.0,"Giggly, Talkative, Happy","Anxiety, Depression, Stress"
Tropical Sunrise,Strain,45,350,110,24.5,In stock,"Savor Tropical Sunrise, a vibrant hybrid (50% indica/50% sativa) from Grape God and Mandarin Sunset strains, crafted on a GACP-certified farm in Thailand. Its summery aroma blends sweet tropical citrus with juicy grape notes, woody pine, and subtle spices, igniting the senses. The flavor bursts with zesty citrus, followed by a smooth, sweet grape finish that lingers delightfully. \n\n Grown under Thailand’s GACP standards, ensuring rigorous quality, safety, and traceability, this strain boasts 17-21% THC for an uplifting, euphoric high that sparks creativity and eases the body. Its neon-green buds, adorned with orange hairs and frosty golden trichomes, reflect premium craftsmanship. Sourced from Thailand’s tropical climate, ideal for potent hybrids, Tropical Sunrise evokes a serene beach sunset, blending energy and relaxation. This GACP-certified gem, compliant with Thai FDA standards, delivers an authentic, high-quality experience for cannabis enthusiasts seeking Thailand’s finest.","Tropical Sunrise, a GACP-certified hybrid, blends citrus and grape flavors with 17-21% THC. Grown in Thailand for euphoric highs.",Hybrid,21.0,0.0,"Calming, Giggly, Happy","Headaches, Stress, Depression"
CBD Charlotte's Angel,Strain,50,250,55,23.5,In stock,"CBD Charlotte's Angel is a sativa-dominant hybrid (70% sativa/30% indica) from Dutch Charlotte and Red Angel, boasting an average 15% CBD content with THC below 1%, perfect for a non-intoxicating experience. Its herbal aroma features pine, diesel, and earthy notes, while the flavor offers woody spice with citrus hints. The neon-green buds, with orange hairs and purple undertones coated in white trichomes, reflect premium quality. \n\n This CBD-rich strain provides a gentle, uplifting high, promoting a mellow relaxation that calms the body and mind. With phenotypes reaching 20-25% CBD, it stands out for its pungent terpene profile—herbal with diesel, citrus, and pine—delivering a tasty, relaxing vibe without strong psychoactive effects. \n\n As a 3-time cup winner, CBD Charlotte's Angel is ideal for those seeking a high-CBD option with a unique, calming presence. Its tall growth and large buds make it a standout for enthusiasts wanting purity and authenticity in a soothing, focused journey.""","CBD Charlotte's Angel, sativa hybrid with 15% CBD and THC <1%. Herbal pine flavors for calming, uplifting relaxation in the cannabis scene.",Sativa  70%,0.0,15.0,"Calming, Uplifted, Tingly","Stress, Inflammation, Muscle tension"
Basic Lighter,Gadget,5,20,20,5,In stock,,,,,,,
Glass Ice Bong,Gadget,250,600,40,3,In stock,"Embrace the timeless elegance of the Classic Ice Bong. Standing tall at 250mm and weighing a solid 370g, this bong is a symbol of sophistication and function. Crafted for those who appreciate tradition, it promises a cool, smooth, and refreshing smoking experience. With its sturdy build and striking design, the Classic Ice Bong is your gateway to elevated indulgence, redefining the art of smoking.","Embrace the timeless elegance of the Classic Ice Bong. Standing tall at 250mm and weighing a solid 370g, this bong is a symbol of sophistication and function. Crafted for those who appreciate tradition, it promises a cool, smooth, and refreshing smoking experience. With its sturdy build and striking design, the Classic Ice Bong is your gateway to elevated indulgence, redefining the art of smoking.",,,,,
Clipper Lighter,Gadget,17,50,310,6,In stock,"Introducing the Clipper Lighter - your eco-friendly, reusable firestarter with a remarkable service life of over 3,000 uses. Crafted to last, this versatile lighter not only reduces waste but also ignites your flame with unmatched reliability. With a commitment to sustainability and quality, the Clipper Lighter is your trusted companion for endless, hassle-free lighting, and an environmentally-conscious choice.","Introducing the Clipper Lighter - your eco-friendly, reusable firestarter with a remarkable service life of over 3,000 uses. Crafted to last, this versatile lighter not only reduces waste but also ignites your flame with unmatched reliability. With a commitment to sustainability and quality, the Clipper Lighter is your trusted companion for endless, hassle-free lighting, and an environmentally-conscious choice.",,,,,
Grinder with loader,Gadget,40,100,11,11,In stock,,,,,,,
Hornet Paper Tips,Gadget,15,120,100,1,In stock,,,,,,,
Hornet Tips,Gadget,8,50,100,17,In stock,,,,,,,
Metal Grinder 4 layer,Gadget,50,250,10,5,In stock,"Crafted for convenience and durability, this 40mm 4-Layer Zinc Alloy Hand Movement Tobacco Grinder is a must-have for herb enthusiasts. Compact and portable at just 4 x 4 x 3.5 cm and a lightweight 68g, it slips effortlessly into your pocket or kitchen drawer, ready to tackle any grinding task. Forged from premium zinc alloy, this grinder boasts a sleek, resilient build that resists wear while maintaining a timeless look. \n\n Its four-layer design ensures a seamless experience—sharp teeth shred herbs or spices with ease, a mesh screen filters fine particles, and a bottom chamber collects the goods. Perfect for tobacco, herbs, or kitchen spices, it’s as versatile as it is user-friendly: just a few twists of the hand deliver a consistent grind. Packaged neatly in a box, this small yet mighty tool combines practicality with portability, making it an ideal companion for home cooks or on-the-go grinders seeking quality in a pint-sized package.","Compact 40mm 4-layer zinc alloy grinder. Durable, portable, and easy to use for tobacco, herbs, and spices. Lightweight at 68g, perfect for home or on-the-go.",,,,,
Mini Pipe,Gadget,40,120,7,0,Sold out,,,,,,,
Plastic Grinder,Gadget,20,100,50,12,In stock,,,,,,,
SlimJim Papers Slim ,Gadget,15,100,20,20,In stock,,,,,,,
SlimJim Rolling Papers,Gadget,30,80,400,25,In stock,"Elevate your smoking experience with SlimJim Rolling Papers. Featuring a sleek and slender design, these Slim papers offer 20 leaves of pure delight for your smoking pleasure. Crafted for connoisseurs who appreciate the finer things, these papers deliver a smooth and stylish smoking experience. Upgrade your smoking game with SlimJim, your go-to choice for slim-sized rolling papers that enhance every puff.","Elevate your smoking experience with SlimJim Rolling Papers. Featuring a sleek and slender design, these Slim papers offer 20 leaves of pure delight for your smoking pleasure. Crafted for connoisseurs who appreciate the finer things, these papers deliver a smooth and stylish smoking experience. Upgrade your smoking game with SlimJim, your go-to choice for slim-sized rolling papers that enhance every puff.",,,,,
SlimJim Rolling Papers - all in 1,Gadget,63,180,20,8,In stock,,,,,,,
SlimJim Rolling Papers + Tips,Gadget,31,120,130,5,In stock,"Experience the pinnacle of smoking sophistication with SlimJim Rolling Papers and Tips. This all-in-one package includes 32 unbleached skins and 32 roaches for an eco-conscious smoking experience. Crafted with precision, these slender papers and perfectly-sized tips offer the discerning smoker the ultimate in convenience and eco-friendly indulgence. Elevate your sessions with SlimJim, where unbleached quality meets a comprehensive smoking solution, delivering 32 times the pleasure.","Experience the pinnacle of smoking sophistication with SlimJim Rolling Papers and Tips. This all-in-one package includes 32 unbleached skins and 32 roaches for an eco-conscious smoking experience. Crafted with precision, these slender papers and perfectly-sized tips offer the discerning smoker the ultimate in convenience and eco-friendly indulgence. Elevate your sessions with SlimJim, where unbleached quality meets a comprehensive smoking solution, delivering 32 times the pleasure.",,,,,
SlimJim Double Duty Carbon Pack,Gadget,125,250,5,5,In stock,,,,,,,
Toppuff Small,Gadget,40,200,10,7,In stock,,,,,,,
WEED.TH Rolling Papers + Tips,Gadget,8,100,220,8,In stock,"Enjoy a premium smoking experience with WEED.TH Rolling Papers + Tips. Each pack contains 32 unbleached leaves, sized at 107x44mm, ensuring a smooth, clean burn. Perfect for a natural and pure smoke, these rolling papers are ideal for both beginners and seasoned smokers alike. Available in-store and for delivery.","Enjoy a premium smoking experience with WEED.TH Rolling Papers + Tips. Each pack contains 32 unbleached leaves, sized at 107x44mm, ensuring a smooth, clean burn. Perfect for a natural and pure smoke, these rolling papers are ideal for both beginners and seasoned smokers alike. Available in-store and for delivery.",,,,,
Wizman Rolling Papers - all in 1,Gadget,63,180,300,1,In stock,"Elevate your rolling game with our exclusive King Size Slim Rolling Papers, each measuring a generous 107*44 mm. Inside every box, you'll find 15 packs, with each pack containing 32 ultra-thin translucent rolling papers and 32 tips. \n\n But that's not all. Our all-in-one package also includes a convenient tray and grinder, making your smoking experience even more enjoyable. Crafted by Asia 420 United and illustrated by Mr. Rin, this product pays homage to Asia's cannabis heritage. \n\n What sets our rolling papers apart is their natural, additive-free composition. We believe in providing you with a clean, unadulterated smoking experience that lets the true flavors shine. Join us as we unite Asian 420 enthusiasts and advocate for medical cannabis legalization. Together, we're exploring new possibilities and striving for a greener, more peaceful world.","Elevate your rolling game with our exclusive King Size Slim Rolling Papers, each measuring a generous 107*44 mm. Inside every box, you'll find 15 packs, with each pack containing 32 ultra-thin translucent rolling papers and 32 tips.",,,,,
THC Brownie 300mg,Edible,160,350,2,0,In stock,,,,,,,
THC Brownie,Edible,55,250,30,3,In stock,"Welcome to the deep end of edible indulgence, where the THC Brownie 50mg THC Dark Chocolate Brownie awaits to haunt your senses. This is not just a treat; it is a rite of passage for the true cannabis veteran who demands intensity and sophistication. We have ditched the child’s play to bring you a heavy-hitting masterpiece that fuses artisanal confection with potent, organic pharmacology. Prepare your palate for a blackout of flavor, as this brownie is crafted from premium 70% dark chocolate offering a sophisticated, bittersweet profile that dominates the senses. \n\n The rich cocoa butter creates a velvety, melt-in-your-mouth texture that perfectly masks the heavy herbal undertones of our high-grade cannabis oil, letting you taste deep notes of espresso and roasted nuts followed by a subtle, spicy kick. It is dense, fudgy, and dangerously delicious. Powered by a 60% Indica-dominant blend, this 50mg ""hero dose"" is engineered for maximum impact. This is the signature THC Brownie effect: a creeping, full-body gravity that starts behind the eyes and melts down to your toes. \n\n It serves as the ultimate off-switch for your brain’s chaos, making it perfect whether you are looking to erase a stressful week, turn your couch into a cloud for a cinematic marathon, or conquer insomnia with the force of a sledgehammer. We never cut corners, so our THC oil is solvent-free and lab-tested for purity, ensuring that every 50mg hit is consistent, clean, and safe. Be warned that this ghost haunts hard. 50mg is a significant dose even for daily smokers, so we recommend seasoned users clear their schedule, hydrate, and prepare for a long, euphoric ride into the shadows. Eat, wait ninety minutes, and let the THC Brownie take the wheel.",Experience deep relaxation with THC Brownie 50mg THC Dark Chocolate Brownie. Premium 60% Indica blend for a potent body high and rich fudgy flavor. Shop now.,Indica 60%,50.0,0.0,"Deep Sedation, Euphoric Calm, Sleep Aid",
THC Brownies,Edible,350,800,440,2,In stock,"Step into the shadows and stay there with the Quad-Pack of THC Brownies, a heavy artillery collection of our 200mg dark chocolate treats. Why settle for a single trip to the abyss when you can secure a full weekend pass? This box contains four of our legendary, high-potency brownies, totaling a staggering 800mg of organic THC per package. It is the ultimate survival kit for the cannabis connoisseur who refuses to run dry, perfect for sharing with a select crew of heavy hitters or hoarding for a solo journey into the deepest realms of relaxation. Each brownie is a masterclass in confectionary darkness, crafted from rich, velvety 70% dark chocolate that melts away the boundaries between dessert and medication. \n\n The flavor profile is an uncompromising blackout of bittersweet indulgence, designed to satisfy the most sophisticated palate while delivering a knockout punch. We use premium cocoa butter to create a dense, fudgy texture that perfectly masks the earthy undertones of our high-grade cannabis oil. You will taste deep, roasted espresso notes and a whisper of nutty warmth, all concealing the 200mg payload hidden within each square. Powered by a 60% Indica-dominant blend, these THC Brownies are not for the faint of heart. They deliver a heavy, creeping sedation that locks you to the couch and turns the volume down on the outside world. Whether you are treating chronic pain, battling severe insomnia, or simply looking to erase the stress of modern existence, having four of these powerhouses on hand ensures you are always ready to disconnect. \n\n We believe in precision, which is why every batch is lab-tested and solvent-free, guaranteeing that each of the four brownies delivers the exact same 200mg impact. This consistency allows you to dose with confidence, whether you are taking a quarter for a mild buzz or a whole square for a deep-sea dive. However, respect the potency. With 800mg in the box, this pack is high-voltage territory. We recommend splitting these THC Brownies with friends or pacing yourself over several days. Clear your calendar, hydrate, and prepare for extended haunting, because once you open this box, there is no turning back from the relaxation that follows.",Stock up with the 4-Pack of THC Brownies. Four 200mg Dark Chocolate treats (800mg Total) for extended relief. Premium Indica blend for deep sedation.,Indica 60%,800.0,0.0,"Deep Sedation, Euphoric Calm, Sleep Aid",
THC Cookie,Edible,60,250,280,5,In stock,"Prepare to crumble under the weight of the ultimate comfort food turned heavy-hitting sedative. The 50mg THC Cookie is a deceptive masterpiece, disguising a potent pharmacological payload within the nostalgic embrace of a classic bakery treat. We have taken the traditional recipe you know and loved—golden-brown edges, a soft, chewy center, and rich chocolate chips—and infused it with a staggering 50mg of premium, lab-tested cannabis oil. \n\n This is not a snack for the casual grazer; it is a high-potency edible designed for the experienced user who requires deep, sustained relief and an escape from the daily grind. The flavor profile is a triumph of confectionary science, where the buttery, vanilla-laden dough and sweet chocolate meld perfectly to mask the earthy, herbal notes of the cannabis, ensuring that every bite is as delicious as it is dangerous. Beneath the sugary surface lies a 60% Indica-dominant engine that drives a powerful, full-body experience. \n\n The high from the THC Cookie is characterized by a slow, rolling onset that begins with a warm, euphoric buzz behind the eyes before settling into the limbs as a heavy, comforting leaden weight. It is the perfect companion for a quiet evening, effectively turning your sofa into a sanctuary and your stress into a distant memory. We prioritize purity and consistency, using only solvent-free extraction methods to guarantee that the 50mg dose is accurate and clean. Because of the density of fat in the cookie, the absorption rate is steady, providing a long-lasting high that can stretch for hours. We strongly advise treating this cookie with respect. For those unaccustomed to high-dose edibles, the THC Cookie can be overwhelming. Hydrate well, clear your schedule for the night, and savor the sweetness before the heavy fog rolls in.","Indulge in the potent 50mg THC Cookie. A classic, soft-baked chocolate chip treat infused with a heavy Indica blend for deep relaxation. Expert users only.",Indica 60%,50.0,0.0,"Heavy, Sleepy, Euphoric",
THC Cookies,Edible,60,800,30.5,5,In stock,"Secure your passage to relaxation with the Quad-Pack of THC Cookies, a heavy-duty collection designed for the connoisseur who refuses to run empty. This box delivers a total of 200mg of premium organic THC, split across four of our signature, soft-baked treats. It is the ultimate pantry staple for the seasoned smoker, offering the versatility to share a high-potency experience with a close crew or to hoard a personal supply for a long weekend of absolute detachment. \n\n Each cookie in the pack is a duplicate of our legendary recipe: a perfect balance of crispy edges and a chewy, buttery core, studded with melting chocolate chips that define the gold standard of edibles. We have engineered these treats to ensure that the cannabis flavor is totally subdued by the rich, sugary dough, making the experience indistinguishable from eating a gourmet bakery cookie—until the effects kick in. The power of the 4-pack lies in its consistency and intensity. With 50mg in every piece, you have total control over your dosage. Eat a quarter to take the edge off a rough afternoon, or commit to a whole cookie to initiate a deep-sea dive into the couch. \n\n Powered by a heavy Indica-dominant blend, these THC Cookies are formulated to shut down the noise of the outside world. The high is creeping and all-encompassing, providing a wrap-around blanket of sedation that is ideal for managing chronic pain, high stress, or stubborn insomnia. We treat our baking process like a science experiment, using solvent-free, lab-tested oil to ensure that cookie number one hits exactly the same as cookie number four. However, with 200mg sitting in one box, caution is required. This is a high-voltage collection. We recommend pacing yourself, staying hydrated, and respecting the delayed onset time. Once you open this pack, you are signing up for a long, heavy, and blissful ride.","Stock up with the 4-Pack of THC Cookies. Four soft-baked, 50mg treats (200mg Total) for extended relief. Premium Indica blend for heavy, lasting sedation.",Indica 60%,200.0,0.0,"Heavy, Sleepy, Euphoric",
THC Gummies,Edible,60,250,260,6,In stock,"Experience a delightful dose of relaxation with our THC Gummies! Each package contains 5 gummies, with each bite-sized treat delivering 10mg of premium THC for a total of 50mg per pack. These gummies are crafted to offer a consistent and enjoyable high, whether you're looking to unwind after a long day, enhance your creativity, or simply add a little fun to your routine. The perfect combination of flavor and potency, our THC Gummies are a discreet and tasty way to enjoy the benefits of cannabis wherever you are. \n\n Our THC Gummies are ideal for both beginners and seasoned cannabis enthusiasts. With a mild, controlled dose in each gummy, they allow you to easily find your sweet spot, whether you're microdosing or seeking a moderate high. Made with high-quality ingredients, these gummies are as delicious as they are effective, offering a burst of flavor in every bite. Enjoy the flexibility of a low-dose edible that you can adjust to your personal needs, all while savoring a tasty treat.","Enjoy our THC Gummies – 5 delicious gummies, 10mg THC each, totaling 50mg per pack. Perfect for a tasty, controlled, and consistent cannabis experience!",Indica 60%,50.0,0.0,"Creative, Happy, Euphoric",
Popanonymous,Strain,30,300,850,36.8,In stock,"Popanonymous is a potent hybrid, boasting an impressive THC content of 29%. This strain is an unknown and unique cross of Gary Poppins, creating a powerful, energizing experience. With its strong lineage, Popanonymous delivers a combination of uplifting effects and rich flavors, making it a standout choice for hybrid enthusiasts looking for both potency and a balanced, enjoyable high. \n\n Growers and users alike will appreciate Popanonymous for its resin-heavy buds, ideal for concentrates and extraction. The strain produces large, dense flowers coated in sticky trichomes, making it visually appealing and highly effective. Its robust growth structure also makes it a reliable strain for both indoor and outdoor cultivation, with generous yields and a relatively short flowering time. \n\n Popanonymous is celebrated for its complex flavor profile. Expect a refreshing burst of citrus and tropical fruit notes, followed by subtle earthy undertones. Its aromatic blend of sweet and earthy scents, combined with its energizing effects, make this strain perfect for daytime use, helping to keep you focused, creative, and motivated.","Popanonymous strain delivers 29% THC with uplifting, creative effects and sweet citrus flavors. Perfect for stress, depression, and fatigue relief.",Hybrid,29.0,0.0,"Relaxed, Giggly, Aroused","Anxiety, Depression, Stress"
Cherry Z,Strain,20,100,350,12,In stock,"Cherry Z is a well-balanced hybrid strain born from a genetic cross between the iconic Original Z and Cherry Pie, offering a rich blend of flavor and effects. With a THC content of around 19%, this strain is ideal for seasoned cannabis enthusiasts looking for a flavorful yet potent experience. Cherry Z stands out for its delightful aroma of tree fruits and a flavor profile that harmoniously combines sweet apple and tangy grapefruit, making it a treat for the senses. \n\n The strain delivers a unique high that enhances focus, encourages laughter, and promotes relaxation. These effects make Cherry Z a versatile choice, perfect for creative endeavors, social gatherings, or simply unwinding after a long day. Its dominant terpene, myrcene, contributes to its calming properties and fruity flavor, ensuring an enjoyable experience with every use. \n\n Cherry Z is also a popular choice among medical marijuana patients seeking relief from anxiety, depression, and headaches. The uplifting yet soothing effects provide a natural way to combat stress and improve mood. Bred by Paradiso, Cherry Z combines its fruity appeal with therapeutic potential, making it a sought-after strain for recreational and medicinal users alike.","Cherry Z, a hybrid of Original Z and Cherry Pie, offers apple-grapefruit flavors and relaxing, giggly effects perfect for anxiety, depression, and stress.",Hybrid,19.0,0.0,"Focused, Relaxed, Happy","Dry mouth, Dizzy, Dry eyes"
Grandmaster Kush,Strain,20,350,100,14,In stock,"Grandmaster Kush, renowned as a staple in the world of medical marijuana, epitomizes excellence as an indica-dominant hybrid. Born from the union of Hindu Kush and Skunk strains, this strain boasts an impressive genetic lineage. With its composition leaning heavily towards indica (80% indica/20% sativa), Grandmaster Kush embodies the quintessential indica experience, cherished for its robust potency and classic effects. Upon consumption, a tranquil sedative overtone washes over both mind and body, inducing a profound sense of relaxation within minutes. As euphoria gently lifts the spirits and sparks creativity, the body succumbs to a subtle sedation, anchoring users to the couch in serene repose. Gradually intensifying, this soothing sensation eventually envelops the mind, leading to a deep and restful sleep, making Grandmaster Kush a sought-after remedy for a myriad of ailments, including chronic stress, depression, pain, insomnia, and muscle spasms. \n\n Delighting the senses with its sweet and fruity flavor profile, Grandmaster Kush offers a delightful fusion of earthy, floral undertones and zesty accents of fresh fruits and sour citrus. The aroma mirrors its flavor, exuding an enticing blend of floral notes, complemented by hints of ripe fruits and tangy lemon. Adorned with grape-shaped forest green nugs, embellished with delicate yellow-orange hairs, and glistening with a coat of golden-white crystal trichomes, Grandmaster Kush stands as a testament to the artistry and craftsmanship of its breeders.","Grandmaster Kush, renowned as a staple in the world of medical marijuana, epitomizes excellence as an indica-dominant hybrid.",Indica 80%,28.0,0.0,"Giggly, Uplifted, Happy","Depression, Fatigue, Stress"
Super Lemon Haze,Strain,20,200,1400,52.4,In stock,"Super Lemon Haze is a sativa-dominant hybrid cannabis strain that is the result of the crossing of Lemon Skunk and Super Silver Haze strains. This award-winning strain has gained popularity due to its multi-colored appearance and intense lemony flavor profile. Super Lemon Haze is known for its unique, energetic and lively effects, making it a popular choice among cannabis enthusiasts. \n\n The aroma of Super Lemon Haze is zesty, citrusy, and slightly sweet. The taste is tart and sweet, reminiscent of lemon candy, but not too sharp. This strain is kief-caked and visually striking with its array of colors. \n\n Super Lemon Haze has a high THC content, making it a potent strain that may not be suitable for those with low tolerance levels. Its effects are said to be uplifting, euphoric, and stimulating, making it a great choice for daytime use. It is often used to treat symptoms related to stress, depression, and fatigue. \n\n Overall, Super Lemon Haze is a top-rated strain with a unique flavor and powerful effects that have won it several awards, including two Cannabis Cup awards. It is a strain that is sure to impress cannabis connoisseurs looking for a flavorful and energetic high.",Super Lemon Haze is a sativa-dominant hybrid cannabis strain that is the result of the crossing of Lemon Skunk and Super Silver Haze strains.,Sativa  70%,22.0,0.0,"Energetic, Uplifted, Creative","Stress, Depression, Anxiety"
Blackberry,Strain,25,100,400,235.5,In stock,"Savor Blackberry, a hybrid strain from Black Domina and Raspberry Cough, grown on a GACP-certified farm in Thailand. Its bold aroma blends juicy fruit and fuel, with earthy undertones, evoking ripe berries. The flavor delights with smooth, sweet berry notes. With 20% THC, Blackberry delivers a buzzy, relaxing high, sparking energy, talkativeness, and sociability. Its purple-hued buds, dotted with white crystals and orange hairs, shine with quality. \n\n Crafted under Thailand’s GACP standards for safety and traceability, it’s free from pesticides and heavy metals. Less dense but visually stunning, Blackberry thrives in Thailand’s tropical climate, perfect for daytime vibes. This strain offers a cerebral and body high, ideal for social settings or creative bursts, evoking a lively Thai beach festival. Its GACP-certified purity and vibrant effects make Blackberry a top pick for cannabis enthusiasts seeking an authentic, fruit-forward experience in Thailand’s dynamic weed culture.","Blackberry, a GACP-certified hybrid, blends berry and fuel flavors with 20% THC. Grown in Thailand for a buzzy, social high. ",Hybrid,20.0,0.0,"Sleepy, Relaxed, Aroused","Fatigue, Inflammation, Depression"
Pineapple Express,Strain,20,100,1980.5,0,Sold out,"Pineapple Express, a vibrant sativa-dominant hybrid (60% sativa/40% indica), springs from the iconic cross of Trainwreck and Hawaiian, earning its fame long before its 2008 cinematic spotlight. This beloved strain, a staple in dispensaries nationwide, captivates with its lively, long-lasting effects that hit fast and keep you buzzing. With a potent 20-25% THC, it ignites an energetic, alert high that sparks creativity and sharpens focus, making it perfect for morning, afternoon, or early evening sessions. \n\n The flavor is a tropical explosion—bright citrus and juicy pineapple mingle with earthy pine, driven by terpenes like caryophyllene, limonene, and ocimene. Its aroma is equally bold, with funky citrus overtones that entice the senses. Visually, Pineapple Express impresses with well-formed, Styrofoam-like nuggets, dense and resinous, promising quality in every puff. \n\n Medical users turn to this strain for relief from depression, fatigue, anxiety, stress, and mild pain, thanks to its uplifting yet calming vibe. The high enhances sensory awareness while delivering a gentle body-numbing buzz, ideal for those seeking both stimulation and relaxation. Whether you’re chasing inspiration or a mood boost, Pineapple Express delivers a dynamic, flavorful experience that’s as functional as it is delightful, cementing its status as a cannabis classic.","Pineapple Express: Sativa-dominant hybrid (20-25% THC) with pineapple-citrus flavor. Energizing, creative high for depression, pain, fatigue. Perfect for daytime use.",Sativa 60%,25.0,0.0,"Uplift, Creativity, Calming","Fatigue, Pain, Depression"
THC Brownie Brother Browns,Edible,55,250,0,0,Sold out,"Indulge in the ultimate cannabis-infused treat with our Brother Browns Super Brownie Bites, each packed with 60mg of premium THC. These delicious, bite-sized THC Brownies are perfect for those who love the rich, fudgy taste of classic chocolate THC Brownies but want a little extra kick. Made with high-quality ingredients, these THC Brownies provide a potent dose of relaxation and euphoria in every bite, making them ideal for experienced cannabis consumers looking for a powerful and tasty edible. \n\n Crafted to deliver a consistent and enjoyable experience, Brother Browns are expertly baked to perfection, offering a soft, chewy texture with a deep chocolate flavor that melts in your mouth. Whether you\'re unwinding after a long day, enhancing a social gathering, or simply seeking a delicious way to elevate your mood, these THC brownie bites are the perfect choice. Enjoy them at home, share them with friends, or take them on the go – however you choose to indulge, Brother Browns promise an unforgettable edible experience. \n\n Please consume responsibly, starting with a small bite to gauge your tolerance. Each Brother Browns contains 60mg of THC, ensuring a satisfying and potent cannabis experience. Enjoy the rich, chocolaty goodness and potent effects of these brownie bites, the perfect treat for any cannabis lover.",Enjoy Brother Browns THC Brownie Bites – 60mg of premium THC in each delicious bite. Perfect for a potent and tasty edible experience. Consume responsibly.,Indica 60%,60.0,0.0,"Happy, Relaxed, Sleepy",
THC Cookie Cocos Supreme,Edible,60,250,0,0,Sold out,"Satisfy your sweet tooth and elevate your senses with our Cocos Supreme Chocolate Chip Cookie Bites, infused with 60mg of premium THC in every bite. These delightful mini THC Cookies combine the comforting taste of classic chocolate chip THC Cookies with the powerful effects of cannabis, delivering an irresistible treat that’s both delicious and potent. Each bite-sized cookie is crafted with high-quality ingredients and packed with rich chocolate chips, offering a perfect balance of sweet flavor and satisfying crunch. \n\n Ideal for experienced cannabis enthusiasts, Cocos Supreme is designed to provide a consistent and enjoyable high with every cookie. Whether you\'re relaxing at home, adding a fun twist to a social gathering, or simply treating yourself to a unique snack, these THC-infused chocolate chip THC Cookies are sure to please. With 60mg of THC per bite, they are perfect for those looking for a strong, tasty, and easy-to-dose edible option. \n\n Remember to enjoy responsibly by starting with a small bite and waiting to feel the effects before consuming more. Cocos Supreme Chocolate Chip Cookie Bites are a perfect way to indulge your taste buds while experiencing the uplifting and relaxing effects of THC. Take your cannabis enjoyment to the next level with these delicious cookie bites that deliver both flavor and potency in every bite.","Experience Cocos Supreme THC Chocolate Chip Cookie Bites – 60mg of THC per cookie. Delicious, potent, and perfect for a tasty cannabis treat. Enjoy responsibly.",Indica 60%,60.0,0.0,"Creative, Happy, Euphoric",
On Point,Strain,30,300,182,0,Sold out,"On Point is an indica-dominant (60% indica / 40% sativa) created by crossing OG Kush and Pineapple Express, offering a potent and flavorful experience. \n\n With 24% THC, this strain is perfect for those seeking a relaxing yet uplifting high. \n\n The buds are large and dense, covered in vibrant green hues and a thick layer of trichomes. The flavor profile combines sweet pineapple, zesty citrus, and earthy undertones, making it a favorite among cannabis enthusiasts. On Point delivers calming body effects with an energizing mental uplift, providing euphoria and relaxation in equal measure. Whether you're looking to unwind after a long day or enjoy a cheerful, euphoric experience, On Point offers a balanced hybrid high that can be enjoyed at any time. This premium strain is available for purchase in Bangkok, Thailand.","On Point strain: Indica-dominant with 24% THC. Pineapple, citrus, and earthy flavors. Relaxing and euphoric effects. Available in Bangkok, Thailand.",Indica 60%,24.0,0.0,"Relaxation, Euphoria, Uplifted","Anxiety, Depression, Fatigue"
Amnesia,Strain,150,300,88,0,Sold out,"Amnesia is a highly sought-after Sativa-dominant marijuana strain renowned for its potent effects. With a THC level of up to 24 percent, it offers a strong and uplifting buzz. This strain has a flowering period of 10 to 11 weeks and rewards growers with a bountiful yield. Its genetic lineage can be traced back to the legendary strains Cinderella 99, Jack Herer, and Skunk. The delightful earthy flavors and citrusy aroma, reminiscent of lemons and oranges, make Amnesia an enjoyable sensory experience. \n\n Originating from Jamaican Landrace and South Asian strains, Amnesia has gained recognition in the cannabis community. It claimed the first prize in the Cannabis Cup 2014 and the Sativa Cup 2012, solidifying its reputation. Coffee shops in Amsterdam have embraced its popularity, making it widely available. The lime and dark green buds of Amnesia possess a visually appealing appearance, adorned with abundant trichomes and fine hairs. Prepare for a powerful and rapid onset of effects, as Amnesia hits you intensely within 10 to 15 minutes of consumption. \n\n Beyond its invigorating properties, Amnesia is a versatile strain with medicinal benefits. It effectively combats lethargy, providing a boost of energy and enhancing productivity. Patients suffering from depression, anxiety, and stress find relief in its therapeutic qualities. Moreover, Amnesia is known to alleviate nausea and migraine symptoms. If you seek an exceptional strain that offers both recreational enjoyment and medicinal value, Amnesia is a remarkable choice.",Amnesia is a highly sought-after Sativa-dominant marijuana strain renowned for its potent effects.,Sativa 60%,24.0,0.0,"Giggly, Energetic, Talkative","Stress, Depression, Anxiety"
Amnesia Haze,Strain,200,600,1116,0,Sold out,"Amnesia Haze is a unique sativa-dominant hybrid born from the crossbreeding of Jamaican and Laotian sativas with Afghan Hawaiian indica. With a sativa to indica ratio of 80:20, it's an ideal strain for daytime use and clear thinking. Boasting potent THC levels of over 22%, it offers relief from anxiety, depression, fatigue, ADHD, migraines, mood swings, and physical pain. However, its lower CBD content makes it less suitable for conditions treated with CBD, such as epilepsy. \n\n Prepare for a creative and euphoric high with Amnesia Haze, accompanied by a delightful boost in mood and a tendency to induce laughter. Its taste is reminiscent of fresh, fruity hash, complemented by a sweet and earthy aroma with subtle hints of spicy pepper. The buds are light green with darker brown strands, generously coated in trichomes, providing a visually appealing appearance. \n\n While Amnesia Haze is more prevalent in parts of Europe, it can also be found in select dispensaries across the United States, including Colorado, California, Washington State, Oregon, and Michigan. It's a strain that can cause dry mouth and red eyes, and some users have reported occasional experiences of paranoia and dizziness. Embraced by cannabis enthusiasts, Amnesia Haze has also gained popularity in the beautiful region of British Columbia.","Amnesia Haze is a sativa-dominant hybrid offering a creative and euphoric high. With over 22% THC, it's perfect for daytime use and relieving anxiety, depression, and pain.",Sativa 60%,25.0,0.0,"Energetic, Talkative, Giggly","Stress, Depression, Anxiety"
Apricot Oreoz,Strain,50,350,38,0,Sold out,"Apricot Oreoz is a top-tier hybrid strain, boasting THC levels exceeding 36%. Created by crossbreeding the aromatic and powerful Apricot Jelly with the high-THC Oreoz, this feminized strain delivers an extraordinary sensory experience. The flavor profile is a delightful fusion of sweet apricots, creamy chocolate, and fresh THC Cookies, providing a unique taste that cannabis connoisseurs adore. \n\n The buds of Apricot Oreoz are large, dense, and coated with a thick layer of trichomes, giving them a frosty appearance and making them ideal for producing high-quality concentrates. With proper care, especially the use of a UVB lamp for three hours during the final weeks of flowering, cultivators can maximize resin and cannabinoid production, enhancing both the potency and the visual appeal of the strain. When grown outdoors, these plants grow vigorously, forming massive, resinous buds with a strong, fruity aroma that fills the air as harvest time approaches. \n\n The effects of Apricot Oreoz hit hard and fast, combining a surge of uplifting energy with a sense of joy and motivation. The initial cerebral high sparks creativity and enhances focus, while the body experiences a calm, soothing relaxation that lingers for hours. This potent strain offers a balanced experience but should be consumed with caution by beginners due to its strength. Ideal for experienced users seeking a blend of mental stimulation and deep physical relaxation, Apricot Oreoz is a premium-grade cannabis strain.","Apricot Oreoz hybrid strain, THC >36%, offers sweet apricot, chocolate, and cookie flavors with a potent mix of energizing and relaxing effects.",Hybrid,36.0,0.0,"Relaxing, Uplifted, Euphoric","Fatigue, Pain, Stress"
Banana Kush,Strain,50,300,0,0,Sold out,"Banana Kush, also known as Larry Bird and Banana Kush #42, is a popular hybrid cannabis strain that offers the best of both worlds with its balanced indica and sativa genetics. This strain is a result of crossing Sunset Sherbet and Thin Mint Girl Scout THC Cookies, two renowned strains that contribute to Banana Kush\'s unique characteristics. \n\n Consumers who have smoked Banana Kush report that the strain\'s effects come on quickly, inducing a euphoric high accompanied by strong feelings of relaxation. This strain\'s balanced effects make it ideal for those seeking relief from pain, fatigue, and insomnia, while still remaining mentally stimulated and productive.","Banana Kush, also known as Larry Bird and Banana Kush #42, is a popular hybrid cannabis strain that offers the best of both worlds with its balanced indica and sativa genetics.",Indica 60%,25.0,0.0,"Talkative, Sleeppy, Giggly","Depression, Fatigue, Stress"
Blood Honey,Strain,50,350,36,0,Sold out,"Blood Honey, a perfectly balanced hybrid (50% indica/50% sativa) from the tantalizing cross of Forbidden Fruit and Red Runtz, is a sensory and therapeutic masterpiece. Its name reflects its stunning appearance: fluffy, spade-shaped minty green buds with deep purple undertones, adorned with furry amber hairs and a glistening coat of chunky, golden-white trichomes that promise potency. \n\n Breaking apart these nuggets releases a vibrant aroma, blending sweet honey with spicy oranges and juicy cherries, amplified by a zesty kick that intensifies with each toke. The flavor mirrors this brilliance, bursting with vivid blood orange notes, sugary candy sweetness, and a touch of fresh honey, creating a delightful palate adventure. With a potent 19-23% THC, Blood Honey’s high starts with a sociable, euphoric lift, sparking outgoing energy and chatty vibes perfect for social settings. \n\n This mental buzz gradually gives way to a soothing body high that anchors you to the couch, easing tension without draining your spirit. A gentle, sleepy finish makes it ideal for evening use. Medical users prize Blood Honey for relieving insomnia, chronic stress, anxiety, depression, chronic pain, and headaches. Grown with care, its dense, resinous buds deliver a harmonious blend of uplift and calm, making Blood Honey a must-try for those seeking flavor, potency, and therapeutic relief in one exquisite package.","Blood Honey: Balanced hybrid (19-23% THC) with blood orange, honey flavor. Sociable, euphoric high eases stress, pain, insomnia. Stunning purple-green buds.",Hybrid,23.0,0.0,"Creative, Energetic, Talkative","Lack of appetite, Stress, Depression"
Bubble Mango,Strain,50,300,5,0,Sold out,"Bubble Mango is an exquisite hybrid strain created by crossing two renowned cannabis varieties. The first parent, Bubble Gum, is a popular indica-dominant hybrid known for its body-numbing effects and pleasant aroma. It delivers a soothing high that melts away pain while providing a mildly stimulating mental state. The second parent, Somango, is a fruity indica strain bred from the legendary Jack Herer, Super Skunk, and Big Skunk Korean. It offers an uplifting and cerebrally-focused experience, enhancing creativity and productivity. \n\n The combination of Bubble Gum and Somango genetics in Bubble Mango results in a unique blend of effects. Users can expect a body-relaxing experience that helps alleviate pain and tension, while the mind remains clear and focused. The aroma of Bubble Mango is a delightful fusion of fruity mango notes from the Somango parent and the sweet, bubblegum-like scent from Bubble Gum. This strain is a perfect choice for those seeking a balanced high that promotes both relaxation and mental clarity. \n\n Bubble Mango's genetic lineage and thoughtful breeding have created a strain that offers the best of both worlds. Its indica-dominant nature provides physical relief, while the uplifting qualities of its sativa genetics stimulate creativity and focus. Whether you're looking for relaxation, pain relief, or a boost in productivity, Bubble Mango is a versatile strain that can cater to a variety of preferences. Try it for yourself and enjoy the harmonious blend of flavors and effects it has to offer.","Bubble Mango is an exquisite hybrid strain created by crossing two renowned cannabis varieties. The first parent, Bubble Gum, is a popular indica-dominant hybrid known for its body-numbing effects and pleasant aroma.",Indica 60%,22.0,0.0,"Mediativ, Talktative, Hungry","Stress, Anxiety, Lack of appetite"
Bubble Zkittlez,Strain,100,600,53.3,0,Sold out,"Bubble Zkittlez is an exceptional hybrid strain that brings together the best of both worlds. Born from a cross of Bubble Gum and Sweet Zkittlez, this delightful blend offers a unique and captivating experience. Bubble Gum, known for its indica-dominant traits, delivers a body-numbing high that soothes pain while keeping the mind stimulated. On the other hand, Sweet Zkittlez, with its indica dominance and sweet flavor profile, provides a relaxing high that doesn't induce immediate sleepiness. \n\n The result is Bubble Zkittlez, a strain that harmoniously combines the soothing effects of Bubble Gum with the flavorful sweetness of Sweet Zkittlez. Prepare to indulge in its tantalizing taste, as Bubble Zkittlez delights the palate with a blend of fruity sweetness and hints of bubblegum. This makes it a perfect choice for those laid-back evenings with friends, where you can unwind and enjoy the company without feeling overly drowsy. \n\n Whether you're seeking relief from physical discomfort or simply want to relax without losing your focus, Bubble Zkittlez offers a balanced and enjoyable experience. Embrace its harmonious blend of flavors and effects, and let Bubble Zkittlez elevate your relaxation sessions to new heights.",Bubble Zkittlez is an exceptional hybrid strain that brings together the best of both worlds. Born from a cross of Bubble Gum and Sweet Zkittlez.,Indica 60%,25.0,0.0,"Euphoric, Uplifted, Talktative","Stress, Lack of appetite, Cramps"
Buddy Critical,Strain,200,300,30,0,Sold out,"Buddy Critical is a remarkable hybrid strain that combines the best traits of its parent strains, Critical Plus and Bubble Gum. Critical Plus, a cross between Skunk and Big Bud, is known for its fast growth and high yields. It has gained recognition in cannabis competitions, including winning the first Highlife Cup in Barcelona. Buddy Critical inherits the pungent and citrusy flavors of Critical Plus, accompanied by a subtle diesel and nutty undertone. With the addition of Bubble Gum genetics, this strain offers a relaxing and pain-relieving experience while keeping the mind pleasantly stimulated. \n\n Bred by Dinafem Seeds, Buddy Critical exemplifies the expertise and dedication of its breeders. The careful selection and combination of Critical Plus and Bubble Gum have resulted in a strain that offers a well-balanced and enjoyable experience. The body-numbing effects of Bubble Gum are complemented by the uplifting and euphoric qualities of Critical Plus. This combination makes Buddy Critical a popular choice among cannabis enthusiasts seeking relaxation and pain relief without sacrificing mental clarity. \n\n The precise genetic lineage of Bubble Gum, one of Buddy Critical's parent strains, remains somewhat mysterious. It is believed to be derived from an unknown cross of Indiana Bubble Gum. What is known, however, is the exceptional body-numbing high that Bubble Gum delivers. Users often experience a sense of pain relief and relaxation, accompanied by a gentle mental stimulation. Buddy Critical takes these desirable qualities and enhances them with the addition of Critical Plus genetics, resulting in a well-rounded and satisfying cannabis strain that appeals to a wide range of users.","Buddy Critical is a remarkable hybrid strain that combines the best traits of its parent strains, Critical Plus and Bubble Gum.",Indica 60%,20.0,0.0,"Euphoric, Relaxing, Mediativ","Stress, Pain, Lack of appetite"
C-Vibez,Strain,50,700,12.5,0,Sold out,"C-Vibez is a fast-flowering hybrid cannabis strain that's highly sought after for its dense, aromatic buds that grow quickly to maturity. With an average height of about 1.0m - 1.5m, this strain takes only about 8 weeks to finish blooming its rock-hard flowers. C-Vibez is a heavy yielder with an exceptional terpene profile, and most of these high-quality feminized seeds turn into short, green plants. About 30% show some color, ranging from purple to pink. \n\n This strain is the result of Mad Scientist genetics, accompanied by some outstanding Voodoo genetics. Voodoo is a massively potent original Dutch Passion Thai strain, responsible for the strong stone that consumers will experience while vaping or smoking the end result. Despite being an indica-dominant variety, C-Vibez offers remarkable fruity/lemony hints in the taste, especially when being burned. \n\n It's worth noting that C-Vibez has deliberately not been bred to full stability, which ensures a rich selection of seriously high-quality phenotypes with the vigor usually encountered in F2's and F3's. This makes C-Vibez a unique and exciting strain to cultivate and experience, with a potent and flavorful smoke that's sure to please even the most discerning cannabis enthusiasts.","C-Vibez is a fast-flowering hybrid cannabis strain that's highly sought after for its dense, aromatic buds that grow quickly to maturity.",Sativa 60%,25.0,0.0,"Euphoric, Energetic, Creative","Pain, Insomnia, Stress"
Cereal Milk,Strain,50,250,74.5,0,Sold out,"Cereal Milk, a standout hybrid from the renowned THC Cookies family, emerges from a masterful cross of Y Life (a blend of THC Cookies and Cherry Pie) with Snowman, a sativa-leaning THC Cookies phenotype. This strain is a sensory delight, boasting a bold, nostalgic flavor profile that evokes the creamy sweetness of milk left behind in a bowl of sugary cereal, laced with subtle notes of ripe berries and a whisper of fruity zest. \n\n Its aroma mirrors this indulgent experience, adding a faint herbal nuance that rounds out its charm. Visually, Cereal Milk dazzles with dense, resin-soaked buds—tapered, heart-shaped, and olive-green with minty hints—adorned by fiery orange hairs and a thick blanket of frosty trichomes that signal its potency. As a perfectly balanced hybrid (50% indica/50% sativa), it delivers a high that’s both uplifting and grounding. \n\n The journey begins with a euphoric rush, igniting pure joy and mental clarity, followed by a wave of creative energy and sociability that keeps you engaged yet relaxed for hours. With a THC range of 18-25%, Cereal Milk is a go-to for easing chronic stress, depression, nausea, appetite loss, fatigue, and even persistent pain. Ideal for a laid-back weekend, this strain’s long-lasting effects and delectable taste make it a rare gem for cannabis connoisseurs seeking bliss in every puff.","Cereal Milk: a balanced hybrid with sweet, creamy flavors and a euphoric, focused high. Perfect for stress, pain, and lazy days. THC 18-25%. THC Cookies family gem.",Hybrid,25.0,0.0,"Aroused, Relaxed, Giggly","Anxiety, Stress, Depression"
Chemdawg,Strain,50,300,76,0,Sold out,"Chemdawg, also known as Chemdog, is a legendary hybrid cannabis strain created and distributed by breeder Chemdog since 1991. \n\n Chemdawg has become a staple strain in the cannabis world and has been responsible for some of the most famous strains, including Sour Diesel and OG Kush. It has a diesel-like aroma that is strong and pungent, making it easily recognizable from afar. However, new users should use caution as it can be very potent. Chemdawg typically produces a cerebral experience, coupled with a strong heavy-bodied feeling. \n\n Medical marijuana patients often choose this strain to help alleviate symptoms associated with stress, anxiety, and pain. Overall, Chemdawg is a versatile strain that is a favorite among cannabis enthusiasts, with its unique history and powerful effects.","Chemdawg, also known as Chemdog, is a legendary hybrid cannabis strain created and distributed by breeder Chemdog since 1991.",Indica 60%,19.0,0.0,"Euphoric, Uplifted, Creative",undefined
Cherry Garcia,Strain,200,300,26,0,Sold out,"Cherry Garcia is a popular hybrid marijuana strain that is known for its calming effects. This strain is a cross between Animal THC Cookies and 3x Crazy, and its potency is known to vary. With continued use, Cherry Garcia's effects become more calming than energizing, leading to a balanced high that leaves you feeling happy, relaxed, and euphoric. Consumers of Cherry Garcia often report that it makes them feel giggly and enhances their mood. \n\n One of the most notable features of Cherry Garcia is its unique flavor profile. The strain has a sweet taste, with hints of berry and cherry that shine through. Many users appreciate the smooth and enjoyable smoking experience that Cherry Garcia provides. Medical marijuana patients often choose Cherry Garcia to alleviate symptoms related to stress, pain, and depression. \n\n Cherry Garcia was initially bred by Natural State Cultivation and has gained popularity due to its balanced effects and unique flavor profile. Whether you're looking to unwind after a long day or want to enhance your mood, Cherry Garcia may be the perfect strain for you. With its calming and uplifting effects, it's no surprise that this strain has become a favorite among many cannabis enthusiasts.",Cherry Garcia is a popular hybrid marijuana strain that is known for its calming effects.,Hybrid,22.0,0.0,"Happy, Giggly, Talkative","Depression, Stress, Anxiety"
Critical Kush,Strain,200,400,20.26,0,Sold out,"Critical Kush is an Indica-dominant marijuana strain that is known for its potent effects. Bred by Barney's Farm, it is a cross between Critical Mass and OG Kush, two of the most beloved strains in the cannabis world. Critical Kush has a pungent earthy aroma with a hint of spice, which can induce a calming effect on the mind and body. Its high THC content combined with a moderate amount of CBD makes it an ideal nighttime medication for those seeking relief from pain, stress, insomnia, and muscle spasms. \n\n This popular strain is highly valued by both medical and recreational users. Medical marijuana patients use Critical Kush to alleviate symptoms related to chronic pain, anxiety, depression, and insomnia. Recreational users appreciate its relaxing, sedative-like effects, which make it an excellent choice for unwinding after a long day. Critical Kush is also a favorite among growers, as it is easy to cultivate and produces high yields. \n\n Indoor growers can expect Critical Kush to flower in about 50-60 days. This strain is known for its resilience and adaptability, making it suitable for both novice and experienced cultivators. With its potent effects and delightful aroma, Critical Kush is a must-try for any cannabis connoisseur looking for a high-quality Indica strain.",Critical Kush is an Indica-dominant marijuana strain that is known for its potent effects.,Indica 60%,18.0,0.0,"Sleepy, Relaxed, Hungry","Stress, Pain, Anxiety"
Dosidos,Strain,50,300,0,0,Sold out,"Dosidos, an indica-dominant hybrid strain, goes by various names like Dosi Doe, Do-Si-Dos, and Dosi. This remarkable strain shares similarities with its parent, OGKB, a phenotype of the popular Girl Scout THC Cookies strain. Dosidos stands out with its vibrant lime green and lavender leaves, adorned with glistening trichomes and bright pistils. Its aroma is a delightful blend of pungent sweetness, earthiness, and a hint of floral funkiness. With the inclusion of Face Off OG genetics, Dosidos delivers a potent, sedative-leaning body effect, complementing its classic OG scent. \n\n Prepare to be captivated by Dosidos, an indica-dominant hybrid that boasts eye-catching features. Its lime green and lavender leaves, adorned with shimmering trichomes and vibrant pistils, create a visually stunning display. The aroma of Dosidos is a harmonious fusion of pungent sweetness, earthy tones, and a subtle floral undertone. This strain's genetics, including the renowned Face Off OG, contribute to its impressive medical-grade body effects. From the initial toke, Dosidos delivers a powerful and euphoric buzz that gradually eases into a soothing, full-body relaxation. Indulge in Dosidos and experience its tranquilizing effects that radiate throughout. \n\n Let Dosidos take you on a sensory journey with its striking appearance and captivating aroma. This indica-dominant hybrid, also known as Dosi Doe, Do-Si-Dos, or simply Dosi, inherits its qualities from OGKB, a distinguished phenotype of the beloved Girl Scout THC Cookies strain. Feast your eyes on Dosidos' lime green and lavender leaves, adorned with a dazzling display of trichomes and vibrant pistils. Its aroma is a delightful blend of pungent sweetness, earthiness, and a touch of floral funk. With the added genetics of Face Off OG, Dosidos offers a remarkable body effect that leans toward the sedative side. Embrace the stoney, in-your-face buzz that gradually melts into a profound state of relaxation, leaving you beautifully at ease. Limonene takes the lead as the dominant terpene in Dosidos, enhancing its aromatic and therapeutic profile.","Dosidos, an indica-dominant hybrid strain, goes by various names like Dosi Doe, Do-Si-Dos, and Dosi.",Indica 60%,30.0,0.0,"Sleepy, Relaxed, Hungry","Anxiety, Stress, Pain"
Drippin’ Aint Eazy,Strain,50,400,123,0,Sold out,"Dive into the unique world of Drippin’ Aint Eazy, a 70% Indica hybrid strain with a powerful 27% THC content, crafted by the renowned breeders at Exotic Genetix. Born from the remarkable cross of Drip Station and Gary Poppins, this strain stands out for its distinct and vivid appearance. The buds of Drippin’ Aint Eazy feature a deep purple hue interlaced with pale green accents and coated with dense, opaque trichomes, making it a visual delight for cannabis enthusiasts. \n\n The aromatic profile of this strain is as complex as its genetics. Drippin’ Aint Eazy entices the senses with a musky, creamy flavor, enriched with floral undertones, hints of diesel, and a subtle sweetness that lingers on the palate. This combination results in a rich and memorable taste experience that is both bold and nuanced, making it an ideal choice for those who appreciate layered flavors in their cannabis. \n\n Perfect for seasoned users, Drippin’ Aint Eazy offers more than just a potent high—it provides a unique experience marked by intense body-tingling sensations coupled with uplifting, giggly euphoria. Whether you\'re winding down after a long day or seeking an extra dose of creativity and fun, this strain promises a potent, long-lasting effect that will keep you coming back for more. Embrace the luxury of Drippin’ Aint Eazy and let it elevate your cannabis journey to new, unforgettable heights.","Experience the rich, potent effects of Drippin’ Aint Eazy—a 70% Indica strain with 27% THC. Deep purple buds, floral, creamy flavors, and intense body effects await.",Indica 60%,27.0,0.0,"Relaxed, Giggly, Aroused","Anxiety, Depression, Stress"
El Chapo OG,Strain,50,300,77,0,Sold out,"El Chapo OG, a three-way indica-dominant hybrid (Face Off OG x SFV OG x OG Kush), packs a powerful punch. Its THC content ranges from 19% to 23%, delivering a fast-acting sedative high that's perfect for winding down at night. \n\n The effects begin with a cerebral lift, boosting mood and leaving you feeling optimistic. This euphoria quickly transitions into deep relaxation, melting away tension and easing your body into a state of couch-lock.  El Chapo OG is a great choice for relieving symptoms like chronic stress, inflammation, depression, chronic pain, and insomnia. \n\n Sweet Citrus and Floral Delight. El Chapo OG offers more than just potent effects. Its flavor profile is a delightful combination of sweet lemon and fresh floral citrus, accented by earthy kush notes. The aroma is equally inviting, with a mix of sweet lemon and pine, topped with a fragrant floral overtone that's almost candy-like. The tight, round forest green nugs with long orange hairs and a coating of amber trichomes further enhance the overall experience.","El Chapo OG is an indica-dominant hybrid with 19-23% THC, offering a sedative high perfect for nighttime. Enjoy its sweet citrus and floral flavor, ideal for stress and pain relief.",Indica 60%,23.0,0.0,"Sleepy, Relaxed, Happy","Anxiety, Pain, Stress"
Eleven Roses,Strain,50,300,7.49,0,Sold out,"Eleven Roses is an indica-dominant hybrid marijuana strain with an unknown genetic lineage. The dense and resinous buds of Eleven Roses have a pungent aroma with hints of pine, earth, and fuel. Though there is limited information available about this strain, its effects are said to be deeply relaxing and may be useful for treating insomnia, pain, and stress. \n\n Eleven Roses is also known for its sedative properties, making it a good choice for nighttime use or for those seeking relief from anxiety or tension. The exact THC and CBD levels of Eleven Roses are not known, but it is believed to have a moderately high THC content, potentially reaching up to 20%. \n\n The name Eleven Roses is thought to reference the potent and aromatic nature of this strain, with the eleven representing the abundance of its positive attributes. While there is still much to be learned about Eleven Roses, it is clear that this strain has the potential to provide relief for a range of medical conditions while also delivering a deep sense of relaxation and tranquility.",Eleven Roses is an indica-dominant hybrid marijuana strain with an unknown genetic lineage.,Indica 60%,24.0,0.0,"Sleepy, Relaxed, Hungry","Stress, Anxiety, Insomnia"
End Game,Strain,50,300,35,0,Sold out,"End Game is a meticulously crafted hybrid cannabis strain, boasting an equal blend of 50% sativa and 50% indica genetics. Born from the union of Ethos THC Cookies #4 and Purple Sunset, this strain is renowned for its large, dense buds and intricate terpene profile. The aroma of End Game is a tantalizing mix of sweet and sour notes, with subtle hints of grape and fuel, making it a sensory delight for cannabis enthusiasts. With a THC content of 25% and CBD levels ranging from 1-3%, End Game is tailored for experienced consumers seeking a potent and well-rounded experience. \n\n The effects of End Game are celebrated for their ability to induce a state of deep relaxation, coupled with feelings of happiness and an enhanced appetite. Medical marijuana patients often turn to this strain to alleviate symptoms of pain, stress, and insomnia, thanks to its dominant terpene, caryophyllene, which is known for its anti-inflammatory and analgesic properties. The strain's balanced high offers a unique combination of mental stimulation and physical calm, making it a versatile choice for both recreational and medicinal use. \n\n Best suited for afternoon or evening consumption, End Game is a strain that enhances mood while gently soothing the body. Its flavor profile, rich with notes of grape, fuel, and pepper, provides a memorable experience for the palate. End Game delivers exceptional value for those seeking a potent and flavorful strain that can elevate both mind and body, making it a must-try for cannabis connoisseurs.","End Game is a balanced hybrid strain with sweet grape and fuel notes, offering relaxing effects. Ideal for pain, stress, and insomnia relief. 25% THC, 1-3% CBD.",Hybrid,25.0,0.0,"Uplifted, Euphoric, Energetic","Anxiety, Depression, Insomnia"
Fat Banana,Strain,50,300,379.4,0,Sold out,"Indulge in the delightful experience of Fat Banana, a hybrid cannabis strain crafted by blending the legendary OG Kush with the aromatic Chiquita Banana. Unveiling a palate of sweetness with citrus undertones, its aroma transports you to a tropical banana haven. The journey with Fat Banana begins with a gentle euphoria, gradually evolving into a profound physical relaxation. Renowned for inducing the munchies, this strain offers a flavorful and multi-layered encounter, making it a favorite among those seeking a blissful and appetite-stimulating cannabis experience.","Indulge in the delightful experience of Fat Banana, a hybrid cannabis strain crafted by blending the legendary OG Kush with the aromatic Chiquita Banana.",Hybrid,28.0,0.0,"Talkative, Giggly, Happy","Lack of appetite, Stress, Anxiety"
Forbidden Fruit,Strain,150,700,138,0,Sold out,"Forbidden Fruit, a tantalizing cannabis strain, emerges from the enchanting genetic blend of Cherry Pie and Tangie. Its visual allure is evident in its dense, purple-tinged buds, complemented by dark green leaves and vibrant orange hairs. The bouquet of aromas is a harmonious fusion of Cherry Pie's sweet, musky cherry notes entwined with Tangie's bold, tropical flavors. Hints of pine, mango, and passionfruit candy add further layers to this aromatic masterpiece. \n\n Upon consumption, Forbidden Fruit unveils its potent indica characteristics that hit with precision, starting with a cerebral euphoria that settles gently into the body. This strain's deep physical relaxation and mental tranquility make it an ideal choice for alleviating minor physical discomfort and shedding the burdens of stress. Whether you seek solace after a long day or a respite from life's demands, Forbidden Fruit offers a serene escape. \n\n Forbidden Fruit is a testament to the artistry of cannabis breeding, delivering a delightful blend of flavors and effects. Its ability to soothe both body and mind makes it a cherished choice among cannabis connoisseurs seeking a moment of tranquility and relief. With its remarkable terpene profile and seductive appearance, Forbidden Fruit stands as a captivating option for those in pursuit of relaxation and respite in the world of cannabis.","Forbidden Fruit, a Cherry Pie and Tangie cross, offers dense, purple buds with sweet cherry and tropical aromas. It delivers euphoria, relaxation, and stress relief.",Indica 60%,23.0,0.0,"Sleepy, Relaxed, Hungry","Stress, Anxiety, Pain"
Fried Applez,Strain,50,250,83,0,Sold out,"Fried Applez is a remarkable hybrid cannabis strain known for its delightful combination of flavors and potent effects. With a THC content of around 25%, this strain offers a powerful and well-rounded experience for both recreational and medicinal users. The buds of Fried Applez are dense and coated in a thick layer of resin, giving them a frosty appearance. Their vibrant green color is complemented by subtle hints of amber and orange pistils, making them visually striking. The aroma is a complex blend of sweet and fruity notes, reminiscent of freshly picked apples with a hint of baked goods, enticing the senses from the moment you open the jar. \n\n When it comes to flavor, Fried Applez truly stands out. It delivers a rich, sweet taste that closely mirrors its aroma, with pronounced apple and dessert-like undertones. This makes each inhale smooth and enjoyable, leaving a pleasant aftertaste on the palate. The effects of Fried Applez are balanced, offering users a harmonious blend of cerebral and physical sensations. The high begins with an uplifting euphoria that sparks creativity and enhances mood, making it suitable for social gatherings or artistic endeavors. As the high progresses, it transitions into a calming body sensation, promoting relaxation without causing excessive sedation. \n\n Fried Applez is an excellent choice for those seeking relief from stress, anxiety, and mild pain. Its balanced nature makes it versatile for various activities, whether you want to unwind after a long day or need a little inspiration. The strain is also appreciated for its potential to ease insomnia, helping users achieve a restful night's sleep without the heavy couch-lock often associated with stronger indicas. Whether you're a seasoned cannabis enthusiast or a newcomer, Fried Applez offers a flavorful and potent experience that's both enjoyable and therapeutic.","Fried Applez is a hybrid strain with 25% THC, offering sweet apple and baked goods flavors. It provides a balanced, uplifting euphoria and calming relaxation.",Hybrid,25.0,0.0,"Relaxing, Uplifted, Euphoric","Insomnia, Pain, Stress"
Frosted Jungle,Strain,50,250,126,0,Sold out,"Frosted Jungle is a sativa-dominant hybrid cannabis strain, celebrated for its distinct appearance and effects. The buds are dense and frosty, showcasing a stunning blend of green and purple hues, often with a sparkling layer of trichomes that hints at its potency. With THC levels of 22%, this strain delivers a robust experience while keeping CBD levels low, typically around 0.5%, ensuring a primarily psychoactive impact. The aroma of Frosted Jungle is a delightful mix of sweet, earthy, and slightly fruity notes, making it an attractive choice for those who appreciate a complex scent profile. \n\n The effects of Frosted Jungle are predominantly uplifting and energizing. Users report feelings of euphoria, enhanced creativity, and an overall sense of well-being, making it an excellent option for daytime use. This strain is also noted for its potential to alleviate stress and anxiety, providing a soothing yet invigorating experience that can help manage mood and promote focus. \n\n The exact genetics of Frosted Jungle remain somewhat mysterious, but it's believed to be a cross between a sativa-dominant strain and another unknown variety. Its lineage includes connections to strains like NYC Diesel and Strawberry Diesel, contributing to its rich and complex profile.","Frosted Jungle is a sativa-dominant hybrid with 22% THC. It features dense, frosty buds with sweet, earthy, and fruity aromas, providing uplifting and creative effects.",Sativa 60%,22.0,0.0,"Uplifting, Creative, Energizing","Stress, Fatigue, Anxiety"
Fruit Spirit,Strain,50,300,5.87,0,Sold out,"Fruit Spirit is a premium cannabis strain that is sure to satisfy anyone looking for a unique and delicious smoking experience. This hybrid strain is a cross between White Widow and Blueberry, resulting in a potent and flavorful strain that will leave you feeling relaxed and euphoric. Its fruity aroma and taste are unlike anything else on the market, making it a popular choice among cannabis enthusiasts worldwide. \n\n Not only does Fruit Spirit taste amazing, but it also boasts a well-balanced mix of Indica and Sativa genetics. This makes it a versatile strain that can be enjoyed at any time of day or night. Its high THC content produces a powerful and uplifting effect that can help with stress, anxiety, and depression. Additionally, its sweet flavor profile makes it a great option for those looking to indulge in a little bit of sweetness without the added calories. \n\n Fruit Spirit is a top-shelf strain that is sure to impress even the most discerning cannabis connoisseur. Its buds are dense and covered in trichomes, giving it a unique appearance that's hard to miss. Whether you're looking for a strain to help you unwind after a long day or something to spark your creativity, Fruit Spirit is the perfect choice. So why not give it a try and experience its fruity goodness for yourself?",Fruit Spirit is a premium cannabis strain that is sure to satisfy anyone looking for a unique and delicious smoking experience.,Sativa 60%,18.0,0.0,"Sleepy, Hungry, Tingly","Stress, Pain, Lack of appetite"
Gelato Dream,Strain,50,300,0,0,Sold out,"With the combination of the original Gelato #41 and a male Loud Dream, Gelato Dream was created, and it's a strain that has been improved upon. \n\n This cookie strain boasts big yields for growers and a smooth, sweet, and fruity terpene profile for consumers. \n\n The high from Gelato Dream induces deep relaxation, along with a sense of euphoria and focus. If you're looking for a sweet and satisfying experience, Gelato Dream may be the perfect strain for you.","With the combination of the original Gelato #41 and a male Loud Dream, Gelato Dream was created, and it's a strain that has been improved upon.",Sativa 60%,30.0,0.0,"Euphoric, Focused, Happy",undefined
Gelato Runtz,Strain,150,400,82.6,0,Sold out,"Gelato Runtz is a potent hybrid strain resulting from the crossbreeding of Runtz and Gelato #33. Bred by Elev8, this strain contains a THC content of 21%, making it a popular choice among experienced cannabis users. Gelato Runtz is known to provide a relaxed, euphoric, and tingly sensation, as reported by Leafly customers. It is often favored by medical marijuana patients seeking relief from pain, anxiety, and depression. With its dominant terpene, limonene, Gelato Runtz offers an enticing aroma and flavor profile reminiscent of vanilla, berries, and coffee. \n\n Discover the captivating blend of Runtz and Gelato #33 in Gelato Runtz. Bred by Elev8, this exceptional hybrid strain packs a THC punch at 21%, catering to the preferences of seasoned cannabis enthusiasts. Gelato Runtz has gained a reputation for inducing relaxation, euphoria, and a delightful tingling sensation, as noted by Leafly customers. Medical marijuana patients often turn to Gelato Runtz to find respite from pain, anxiety, and depression. With its dominant terpene, limonene, Gelato Runtz offers a captivating aroma and flavor profile highlighted by hints of vanilla, berries, and coffee. \n\n Experience the enchanting union of Runtz and Gelato #33 in Gelato Runtz, an impressive hybrid strain meticulously crafted by Elev8. With a THC level of 21%, Gelato Runtz is a favored choice among seasoned cannabis consumers seeking a potent and enjoyable experience. Leafly customers have reported feelings of relaxation, euphoria, and a pleasant tingling sensation. Medical marijuana patients often embrace Gelato Runtz for its potential in alleviating symptoms related to pain, anxiety, and depression. Infused with the dominant terpene limonene, Gelato Runtz entices the senses with its alluring aroma and indulgent flavor profile featuring notes of vanilla, berries, and coffee.",Gelato Runtz is a potent hybrid strain resulting from the crossbreeding of Runtz and Gelato #33.,Hybrid,21.0,0.0,"Euphoric, Tingly, Uplifted","Anxiety, Depression, Stress"
Gorilla Goo,Strain,50,300,684,0,Sold out,"Indulge in the captivating embrace of Gorilla Goo, a sativa-dominant hybrid that delivers an exhilarating experience crafted from the fusion of Chem's Sister, Sour Dubb, and Chocolate Diesel strains. With a staggering average THC level of 30%, this potent strain offers a long-lasting high that envelopes you in relaxation, perfect for unwinding after a long day. Its euphoric onset elevates the spirits, while its deeply sedative effects gradually soothe both mind and body, making it an ideal choice for addressing chronic pain, insomnia, depression, and muscle spasms. \n\n Experience the addictive allure of Gorilla Goo's earthy sour flavor, enhanced by a decadent chocolate diesel exhale. The aroma tantalizes the senses with fruity notes intertwined with hints of pungent pine and heavy diesel undertones. Each bud boasts a lush forest green hue, adorned with dark orange hairs and generously coated in bright white crystal trichomes. Discover the blissful tranquility and therapeutic benefits of Gorilla Goo, a strain that promises to leave you glued to the couch in blissful relaxation for hours on end.","Gorilla Goo, a sativa-dominant hybrid with 30% THC, blends Chem's Sister, Sour Dubb, and Chocolate Diesel for an earthy, chocolate flavor and soothing effects.",Sativa 60%,30.0,0.0,"Euphoric, Relaxing, Sleepy","Chronic Pain, Depression, Insomnia"
Green Gelato,Strain,150,300,206.1,0,Sold out,"Green Gelato is a popular hybrid cannabis strain that offers the best of both worlds with its balanced indica and sativa genetics. This strain is a result of crossing Sunset Sherbet and Thin Mint Girl Scout THC Cookies, two renowned strains that contribute to Green Gelato's unique characteristics. \n\n Consumers who have smoked Green Gelato report that the strain's effects come on quickly, inducing a euphoric high accompanied by strong feelings of relaxation. This strain's balanced effects make it ideal for those seeking relief from pain, fatigue, and insomnia, while still remaining mentally stimulated and productive.",Green Gelato is a popular hybrid cannabis strain that offers the best of both worlds with its balanced indica and sativa genetics.,Indica 60%,27.0,0.0,"Euphoric, Aroused, Happy","Cramps, Fatigue, Insomnia"
Hawaiian,Strain,50,100,976,0,Sold out,"Hawaiian is a vibrant sativa marijuana strain celebrated for its ability to inspire happy and creative thoughts. Originating from the tropical paradise it’s named after, this strain delivers a fragrant aroma reminiscent of sun-soaked tropical fruits, instantly transporting you to a serene beachside escape. Hawaiian’s uplifting effects make it an excellent choice for unwinding after a long day or for sparking creativity during moments of inspiration. Its light green buds are a visual delight, adding to the strain's tropical allure. \n\n Known for its therapeutic benefits, Hawaiian is often selected by medical marijuana patients to help alleviate symptoms associated with chronic pain, bipolar disorder, and muscle spasms. The strain’s balanced sativa profile ensures a calming yet mentally energizing experience, ideal for both medicinal and recreational purposes. Whether you’re lounging at the beach or enjoying a quiet evening, Hawaiian offers a perfect blend of relaxation and euphoria. \n\n Hawaiian’s tropical profile extends beyond its aroma, with a flavor that mirrors the sweet, fruity essence of its scent. Each inhale is a journey into lush island vibes, making it a favorite among cannabis enthusiasts seeking a flavorful and uplifting experience. From its exotic lineage to its therapeutic effects, Hawaiian is truly a strain that embodies the essence of paradise.","Hawaiian, a tropical sativa strain, offers fruity flavors, creative energy, and relief from pain, bipolar disorder, and muscle spasms. Perfect for relaxation.",Sativa 60%,24.0,0.0,"Happy, Creative, Uplifted","Anxious, Dry mouth, Paranoid"
Hulkberry,Strain,60,300,266.5,0,Sold out,"Hulkberry, a captivating strain with a genetic makeup of 65% sativa and 35% indica, emerges as a result of expertly blending the beloved Strawberry Diesel and OG Kush varieties. This strain earns its name from the remarkable density of its buds and a delightful infusion of berry essence. The appearance is a spectacle to behold, featuring robust, minty-green popcorn-shaped buds that sport subtle undertones of dark olive. Accentuating these nugs are long, delicate orange hairs and a generous dusting of petite, luminous white trichomes, glistening like morning dew. Upon breaking apart these frosty nuggets, an exquisite bouquet of sweet and tangy citrus notes wafts forth, accompanied by an underlying diesel richness that gains prominence when the buds are ignited. This symphony of scents preludes the flavor experience, characterized by a pronounced tang of sour lemon that harmonizes with hints of zesty diesel and earthiness upon exhalation. \n\n The Hulkberry strain wields an impressive potency, boasting an average THC level of 27%, which contributes to its robust effects. The high takes hold swiftly and profoundly, initiating a surge of invigorating sensations that kindle creativity and motivation. This euphoric ascent of the mind coexists harmoniously with a gentle, calming embrace that leaves physical energy untouched. Hulkberry's formidable potency makes it a promising contender for addressing various conditions, including chronic fatigue, migraines, ADD or ADHD, depression, and mood swings. Its distinctive profile combines the best of both sativa and indica worlds, offering a dynamic yet balanced experience that has the potential to elevate and soothe, all in one enticing package. \n\n In the realm of cannabis strains, Hulkberry emerges as a beacon of potency and flavor, beckoning connoisseurs and seekers of relief alike. Its lineage, traceable to Strawberry Diesel and OG Kush, lends it a unique character that tantalizes the senses and delivers a multifaceted high. Whether you're yearning for a wellspring of creativity or a respite from various ailments, Hulkberry stands ready to unleash its green magic, offering a remarkable journey that traverses the realms of taste, aroma, and effect.","Hulkberry, a captivating strain with a genetic makeup of 65% sativa and 35% indica, emerges as a result of expertly blending the beloved Strawberry Diesel and OG Kush varieties.",Sativa 60%,27.0,0.0,"Creative, Euphoria, Uplifting","Fatigue, Headaches, Migraines"
Jack Herer,Strain,30,100,455.92,0,Sold out,"Jack Herer, also known as JH, The Jack, Premium Jack, and Platinum Jack is a sativa-dominant hybrid marijuana strain named after the marijuana activist and author of The Emperor Wears No Clothes. \n\n Jack Herer is a balanced hybrid strain with a high THC content that produces a mixed head and body effect. It\'s known to provide a sense of relaxation and is often enjoyed in the evening to ease stress. \n\n Jack Herer was first created in the Netherlands in the mid-1990s and was later distributed by Dutch pharmacies as a recognized medical-grade strain. Its spicy, pine-scented aroma has won numerous awards for its quality and potency.","Jack Herer, also known as JH, The Jack, Premium Jack, and Platinum Jack is a sativa-dominant hybrid marijuana strain.",Sativa 60%,24.0,0.0,"Energetic, Creative, Uplifted","Stress, Anxiety, Depression"
KD Mango Tail,Strain,50,300,251,0,Sold out,"The KD Mango Tail, a sun-kissed sativa strain perfect for those seeking an uplifting and energetic experience. This 100% sativa powerhouse boasts a potent 22% THC content, delivering a focused and cerebral high that's ideal for creative endeavors or social gatherings. Its sun-grown nature translates to a smooth and flavorful smoke, leaving you feeling invigorated and inspired. \n\n The aroma and taste of KD Mango Tail are truly a tropical delight. Expect a wave of sweet mango and citrus notes, complemented by subtle hints of pineapple and papaya. This refreshing profile perfectly complements the uplifting effects of the strain, making it a well-rounded choice for sativa enthusiasts looking for a taste of paradise.","KD Mango Tail is a 100% sativa with 22% THC, offering a tropical burst of mango and citrus flavors. Ideal for creativity and socializing, this strain provides an uplifting, invigorating high.",Sativa 60%,22.0,0.0,"Energetic, Focused, Creative","Stress, Depression, Anxiety"
King’s Juice,Strain,50,300,6.89,0,Sold out,"The King’s Juice is a hybrid cannabis strain created by combining two terpene profiles loved by its creator, Arjan. It is a cross between Mimosa from Symbiotic Genetics and King's Kush, resulting in a plant with a piney, coney growth and a long main cola that grows taller than its side branches. During the flowering period, the plant will stretch considerably, and its branches will grow steadily. \n\n The flowers of The King’s Juice are known for their balanced floral and citrusy/earthy fragrance, which creates a complex aroma that resembles fresh fruit juice. Towards the end of the flowering period, the plant will take on beautiful reddish/violet hues, giving it a stunning fall color. The plant is also covered in trichomes, which add to its beauty. \n\n The effect of The King’s Juice is a balanced high that can be enjoyed all day. It provides an uplifting head buzz, while the body remains light and active. The taste of the strain stays in the mouth for a while after exhaling, creating a satisfying sensation. Overall, The King’s Juice is a beautiful and flavorful strain that offers a well-rounded high.","The King’s Juice is a hybrid cannabis strain created by combining two terpene profiles loved by its creator, Arjan.",Indica 60%,26.0,0.0,"Happy, Relaxed, Uplifted","Pain, Stress, Anxiety"
L.A. Haze,Strain,50,300,40,0,Sold out,"L.A. Haze is a sativa-dominant hybrid born from an expert blend of LA Confidential, Kali Mist, and Afghan Haze F2 genetics. Crafted by Gage Green Genetics, this strain delivers an exceptional cerebral experience that balances energizing euphoria with calming relaxation. Known for its potent sativa effects, L.A. Haze is a go-to for users seeking an uplifting, creative high that fosters focus and productivity. \n\n This strain's effects are perfect for relieving mental burdens, offering a natural remedy for migraines, headaches, and mental health challenges like anxiety, chronic stress, depression, and PTSD. L.A. Haze pairs therapeutic benefits with an enjoyable recreational experience, leaving users feeling tingly, giggly, and comfortably relaxed. \n\n The flavor and aroma are a harmonious fusion of herbal, citrus, and earthy notes, reminiscent of its Afghani heritage. Each inhale is an invigorating burst of spicy herbal tones, with hints of sweet citrus lingering on the exhale. As the high sets in, expect super yields of creative energy paired with a light physical buzz that keeps you uplifted without overwhelming sedation. A favorite for daytime use, L.A. Haze is a versatile strain for those seeking relief or simply chasing an enjoyable high. Its balance of euphoria and calm makes it a unique and unforgettable choice for cannabis connoisseurs.","L.A. Haze: A sativa-dominant hybrid with uplifting effects, treating migraines, stress, and PTSD. Enjoy its energizing buzz and citrus-herbal flavors.",Sativa 60%,20.0,0.0,"Energetic, Talkative, Giggly","Stress, Depression, Anxiety"
Lemon Berry Candy,Strain,50,300,0,0,Sold out,"Lemon Berry Candy OG, a strain from Ethos Genetics, is a cross between Las Vegas Lemon Skunk and LGBT (Lemon Grape Bubba Temple). \n\n This unique hybrid boasts trichome-rich buds with a flavor profile that includes candied lemons, sweet berries, and subtle gassy undertones. \n\n Lemon Berry Candy OG is a favorite among concentrate enthusiasts due to its high resin production. Users have reported feeling elevated, energized, and engaged after just one puff.","Lemon Berry Candy OG, a strain from Ethos Genetics, is a cross between Las Vegas Lemon Skunk and LGBT (Lemon Grape Bubba Temple).",Hybrid,25.0,0.0,"Creative, Energetic, Talkative",undefined
Lemon Zkittlez,Strain,50,300,24.5,0,Sold out,"Lemon Zkittlez is an extraordinary hybrid strain that brings together the best qualities of Sweet Zkittlez and Critical Plus. With its lineage rooted in the indica-dominant Sweet Zkittlez, Lemon ZZ offers a delightful combination of a sweet flavor profile and a deeply relaxing high. Perfect for those seeking a flavorful experience, Lemon ZZ entices the taste buds with its fruity and citrusy notes, leaving a pleasant aftertaste with every inhale. \n\n The genetic influence of Critical Plus adds a special touch to Lemon ZZ, enhancing its growth potential and yield. Critical Plus is renowned for its fast growth and abundant grades, making it a favorite among cultivators. This blend of robust genetics and exceptional flavors makes Lemon ZZ an ideal choice for those who appreciate a sweet taste accompanied by a relaxing high. \n\n Indulge in the calming effects of Lemon ZZ as it washes over your body, melting away tension and promoting a sense of deep tranquility. Let its aromatic citrus and diesel undertones transport you to a state of pure bliss. Whether you're looking for a strain to unwind after a long day or to enhance social gatherings, Lemon ZZ is sure to deliver an enjoyable and memorable experience.",Lemon Zkittlez is an extraordinary hybrid strain that brings together the best qualities of Sweet Zkittlez and Critical Plus.,Indica 60%,22.0,0.0,"Uplifted, Hungry, Creative","Stress, Anxiety, Lack of appetite"
Mac 1,Strain,50,300,10,0,Sold out,"Mac 1, also known as The MAC, is a highly sought-after hybrid strain resulting from the cross between Alien THC Cookies F2 and Miracle 15. Renowned for its uplifting and harmonizing effects, Mac 1 is a favorite among cannabis enthusiasts. Growing Mac 1 requires a special touch, as only select growers chosen by the breeder have the privilege of cultivating this exceptional flower. \n\n Prepare to be captivated by the visually stunning buds of Mac 1, boasting a nearly white appearance and a thick coating of milky trichomes. Its terpene profile offers a delightful blend of smooth creaminess and funky aromas, making it enjoyable around the clock. \n\n Discover the legend of Mac 1, or The MAC, a hybrid strain renowned for its exceptional qualities derived from crossing Alien THC Cookies F2 and Miracle 15. Mac 1 has gained immense popularity for its uplifting and harmonizing effects. However, not just anyone can cultivate this extraordinary flower. Capulator, the breeder behind Mac 1 (Capulator's Cut), meticulously selects growers to ensure the utmost quality of this prized strain. Indulge in the smooth, creamy, and funky terpene profile of Mac 1, a sensory delight that can be enjoyed throughout the day and into the night.","Mac 1, also known as The MAC, is a highly sought-after hybrid strain resulting from the cross between Alien THC Cookies F2 and Miracle 15. Renowned for its uplifting and harmonizing effects, Mac 1 is a favorite among cannabis enthusiasts.",Hybrid,22.0,0.0,"Uplifted, Euphoric, Energetic","Anxiety, Depression, Stress"
MAC and Jack,Strain,200,600,11,0,Sold out,"MAC and Jack is a hybrid marijuana strain that's still making waves in the cannabis world. With a mix of genetics from MAC (Miracle Alien THC Cookies) and Jack Herer, this strain packs a punch that leaves smokers wanting more. Its flavors and effects are still being discovered, but those who have tried it say it's a potent strain that's worth trying. \n\n The exact flavors of MAC and Jack are still up for debate, but some say it has a spicy, earthy aroma with hints of fruit and citrus. As for the effects, this strain is said to offer a strong high that hits both the mind and body. Many users report feeling a surge of creativity and energy, making it a great choice for those looking for inspiration or motivation to get things done. \n\n As with any hybrid strain, the dominant effects and flavors may vary depending on the phenotype and growing conditions. However, MAC and Jack's mix of genetics is sure to provide a unique and enjoyable experience for cannabis enthusiasts.",MAC and Jack is a hybrid marijuana strain that's still making waves in the cannabis world.,Hybrid,30.0,0.0,"Focused, Tingly, Creative","Anxiety, Depression, Fatigue"
Mandarin Cookies,Strain,50,300,0,0,Sold out,"Mandarin THC Cookies, also known as Mandarin Mints, is a premium hybrid cannabis strain that offers a sedating and calming high, making it an excellent choice for relaxation and unwinding. \n\n Bred by Ethos in Colorado, Mandarin THC Cookies is a result of crossing the popular Forum Cut THC Cookies and Mandarin Sunset strains. Its well-balanced genetics produce medium-sized buds with a dense, frosty coating of trichomes that emit a refreshing aroma of citrus and earthy undertones. \n\n This strain is perfect for those seeking a post-dinner dessert that won\'t leave them glued to their couch. Mandarin THC Cookies offers a moderate high that is ideal for socializing or enjoying a creative endeavor, without the sedative effects of some other strains.","Mandarin THC Cookies, also known as Mandarin Mints, is a premium hybrid cannabis strain that offers a sedating and calming high, making it an excellent choice for relaxation and unwinding.",Hybrid,19.0,0.0,"Relaxed, Uplifted, Happy",undefined
Mandarin Zkittlez,Strain,200,400,102.5,0,Sold out,"Mandarin Zkittlez is a hybrid cannabis strain that results from the crossing of two potent strains, Dying Breed's California Black Rosé and Ethos' Mandarin Sunset. This striking strain is characterized by its unique and beautiful purple, black, and red buds that are sure to catch anyone's attention. Its dense and resinous buds have a low leaf-to-flower ratio, making it an ideal choice for extraction. \n\n The Mandarin Zkittlez strain boasts an impressive array of flavors that are sure to tantalize your taste buds. It has an intense grape, grapefruit, spice, and orange taste that is both refreshing and satisfying. Its effects are equally impressive, offering a potent high that leaves smokers feeling happy, relaxed, and euphoric. It is perfect for unwinding after a long day or for creative inspiration. \n\n Mandarin Zkittlez is an excellent choice for cannabis enthusiasts who are looking for a unique strain that packs a punch. Its beautiful appearance, potent effects, and mouth-watering flavors make it a top choice in dispensaries worldwide. Whether you're a seasoned smoker or a newbie, Mandarin Zkittlez is a must-try strain for its exceptional quality and amazing effects.","Mandarin Zkittlez is a hybrid cannabis strain that results from the crossing of two potent strains, Dying Breed's California Black Rosé and Ethos' Mandarin Sunset.",Indica 60%,24.0,0.0,"Sleepy, Hungry, Euphoric","Anxiety, Cramps, Lack of appetite"
Mango Gelato,Strain,50,300,0,0,Sold out,"Mango Gelato is an exceptional hybrid strain resulting from the cross between two distinct cannabis varieties. One of its parents is Green Gelato, a slightly indica-dominant hybrid known for its vigorous growth and excellent response to pruning and training techniques. With medium-tall plants and a high flower to leaf ratio, Mango Gelato benefits from topping, fimming, LST, and other methods that promote maximum yield. The flowers form in tight clusters, showcasing their small to medium size, and with cooler nighttime temperatures, the buds can display beautiful lavender and purple hues. \n\n The other parent, Somango, is a fruity indica strain bred from the famous Jack Herer, Super Skunk, and Big Skunk Korean. Previously known as Soma #5, it was renamed after its delightful mango aroma. Despite its indica dominance, Somango surprises with uplifting and cerebrally-focused effects. It induces a clear-headed and functional euphoria, making it a favorite among creative individuals who seek enhanced focus and productivity. \n\n The combination of Green Gelato and Somango genetics in Mango Gelato produces a unique and captivating experience. It showcases the best of both worlds, with Green Gelato contributing to its growth structure and flower development, while Somango adds a fruity twist to the aroma and delivers uplifting effects. Mango Gelato is a versatile strain that offers the potential for bountiful yields and a pleasurable high, making it a delightful choice for cannabis enthusiasts looking for a well-rounded experience.",Mango Gelato is an exceptional hybrid strain resulting from the cross between two distinct cannabis varieties.,Indica 60%,25.0,0.0,"Relaxed, Uplifted, Sleepy","Stress, Anxiety, Insomnia"
Master OG,Strain,50,250,376.5,0,Sold out,"Master OG, also known as Master OG Kush, is a premium indica-dominant hybrid cannabis strain crafted by Cabin Fever Seed Breeders. Created through the expert crossbreeding of Master Kush and Empress Kush, this strain offers a uniquely relaxing experience, perfect for unwinding after a long day. Renowned for its large, dense buds, Master OG stands out with its vibrant green hues and heavy branches, often bending under the weight of its resinous flowers. \n\n The strain’s signature pine aroma is complemented by earthy undertones, delivering a smooth and calming flavor profile that’s as therapeutic as it is enjoyable. With a rich terpene profile and potent effects, Master OG is a popular choice among cannabis enthusiasts seeking relief from chronic pain, nausea, and insomnia. Its soothing indica dominance promotes deep relaxation, making it an excellent strain for nighttime use or moments when tranquility is paramount. \n\n Medical marijuana patients appreciate Master OG for its ability to ease physical discomfort and promote restful sleep while alleviating stress and tension. Recreational users value the strain for its euphoric onset and full-body relaxation, creating a balanced high that’s both uplifting and calming. Whether you’re seeking medicinal relief or a serene escape, Master OG delivers a deeply satisfying cannabis experience.","Master OG, an indica hybrid, offers pine aromas, relaxing effects, and relief from pain, nausea, and insomnia. Perfect for tranquility and restful sleep.",Indica 60%,21.0,0.0,"Sleepy, Hungry, Relaxed","Stress, Insomnia, Pain"
Medellin,Strain,50,550,39,0,Sold out,"Medellin is a perfectly balanced hybrid strain (50% indica, 50% sativa) created by crossing Wedding Cake and Chemdawg, offering a high that’s as dynamic as its origin. With an impressive THC level averaging between 25-28%, Medellin is well-suited for seasoned cannabis users looking for a potent, multifaceted experience. Its effects begin with an uplifting and tingly sensation, delivering a subtle boost of energy and stimulation before transitioning into a deep state of relaxation. This duality makes it a great companion for both socializing and unwinding. \n\n Medellin is popular among medical cannabis patients for its ability to alleviate symptoms of anxiety, depression, pain, and chronic stress. It’s also a go-to strain for combating inflammation and fatigue. The buds of Medellin are a visual treat, with neon green pepper-shaped nugs, vibrant purple undertones, fiery orange hairs, and a frosty coating of purple-tinted trichomes. \n\n The flavor profile of Medellin is just as captivating, offering a mix of sweet and sour lemony herbal tea with notes of pungent diesel and pepper. The dominant terpene, caryophyllene, adds spicy and earthy undertones that enhance its overall complexity. Bred by Lemonnade and named after the iconic Colombian region, Medellin encapsulates a tropical vibe that transports you to a warm and tranquil paradise. Whether for medical use or recreational enjoyment, Medellin delivers a memorable cannabis experience.","Medellin is a balanced hybrid with 26-28% THC, offering uplifting energy and deep relaxation. Perfect for anxiety, pain, and stress relief with lemony diesel notes.",Hybrid,26.0,0.0,"Energetic, Tingly, Relaxed","Anxiety, Chronic Pain, Depression"
Mimosa,Strain,50,300,0,0,Sold out,"Mimosa, also known as \Purple Mimosa,\ is a popular hybrid cannabis strain that offers a balanced high and a delicious taste profile. This strain is a result of crossing Clementine with Purple Punch, two well-regarded strains that contribute to Mimosa's unique characteristics. \n\n In small doses, Mimosa produces happy and level-headed effects that leave you feeling uplifted and motivated to tackle any mundane task. \n\n Mimosa's strong aroma and flavor are reminiscent of its namesake, with notes of fruity and citrusy flavors bursting through. This strain's flavors and effects have made it a popular choice among medical marijuana patients seeking relief from symptoms associated with depression and stress.","Mimosa, also known as Purple Mimosa, is a popular hybrid cannabis strain that offers a balanced high and a delicious taste profile. This strain is a result of crossing Clementine with Purple Punch, two well-regarded strains that contribute to Mimosa\'s unique characteristics.",Hybrid,20.0,0.0,"Energetic, Focused, Uplifted",undefined
Mimosa Evo,Strain,50,300,0,0,Sold out,"Mimosa Evo is an extraordinary cannabis strain that packs a punch with its potent effects. Known for its long-lasting and electrifying euphoria, this strain is not for the faint of heart. With THC levels reaching up to 24%, it's best suited for experienced users who can fully embrace its psychedelic buzz. Despite its potential to grow tall outdoors, Mimosa Evo can be easily managed in limited spaces, making it adaptable for indoor cultivation. With its genetic background of Purple Punch and Mimosa, this strain exhibits stable characteristics and emits a luxurious and tangy aroma of citrus fruits. \n\n Strap yourself in for a wild ride with Mimosa Evo's aroma, flavor, and effect. While many strains claim to produce euphoria, Mimosa Evo takes it to another level, delivering an invigorating high. Its strong and refreshing citrus aroma, coupled with a sweet and citrusy flavor with hints of berries, creates a delightful sensory experience. However, novice smokers should approach with caution as Mimosa Evo's potency can easily overwhelm those with a lower THC tolerance. \n\n Mimosa Evo is a great performer when it comes to cultivation. As a 60% indica-dominant hybrid, it displays typical indica growth characteristics indoors, with moderate heights and bushy plants. Outdoors, it may stretch a bit more but remains compact and can develop beautiful purple or blue hues in cooler temperatures. The flowering phase lasts around 10-11 weeks, culminating in big, dense purple flowers coated in sticky white resin. Expect average yields of approximately 700g/m² when growing Mimosa Evo indoors.",Mimosa Evo is an extraordinary cannabis strain that packs a punch with its potent effects.,Indica 60%,25.0,0.0,"Happy, Focused, Uplifted","Anxiety, Stress, Depression"
Mommy's Milk,Strain,150,700,41.5,0,Sold out,"Mommy's Milk is a sativa-dominant hybrid strain from Exotic Genetix. It is a cross between the potent sativa-dominant hybrid Bahama Mama and the hybrid strain Cereal Milk. Mommy's Milk is known for its delicious flavor and aroma, which are often described as sweet and milky with hints of vanilla, honey, and citrus. It produces a buzzy and uplifting high that is perfect for daytime use. This strain can help to improve mood, focus, and creativity. It can also be used to relieve stress, anxiety, and depression. \n\n Mommy's Milk plants produce dense, sticky buds that are covered in trichomes. The buds are typically light green in color with orange and purple pistils. Mommy's Milk is a relatively easy strain to grow, making it a good choice for both beginners and experienced growers. It can be grown indoors or outdoors, but it prefers a warm and sunny climate. Mommy's Milk plants flower for 8-9 weeks and can produce high yields. \n\n Overall, Mommy's Milk is a great strain for both recreational and medical users. It offers a delicious flavor, a potent high, and a variety of potential medical benefits. If you are looking for a sativa-dominant hybrid that can help you to feel uplifted, creative, and focused, then Mommy's Milk is a great choice.",Mommy's Milk is a sativa-dominant hybrid strain from Exotic Genetix. It is a cross between the potent sativa-dominant hybrid Bahama Mama.,Sativa 60%,23.0,0.0,"Uplifted, Creative, Focused","Stress, Anxiety, Depression"
Moon Fruit,Strain,50,300,0,0,Sold out,"Moon Fruit is a highly sought-after cannabis strain that boasts a tantalizing taste profile and visually stunning appearance. Its unique blend of hard candy, exotic passion fruit, lavender, blueberry, and vanilla/raspberry zingers make for a deluxe connoisseur experience that is all about flexing on taste and smell. \n\n This strain has an impressive lineage, derived from the crossing of Cherry Pie, Tangie, and a rare Indica-dominant version of the famous Girl Scout THC Cookies. As a result, Moon Fruit grows with a symmetrical structure, producing medium-sized, ultra-dense flowers that are simply drop-dead gorgeous.","Moon Fruit is a highly sought-after cannabis strain that boasts a tantalizing taste profile and visually stunning appearance. Its unique blend of hard candy, exotic passion fruit, lavender, blueberry, and vanilla/raspberry zingers.",Hybrid,22.0,0.0,"Relaxed, Happy, Talkative",undefined
Next Level,Strain,120,700,33.3,0,Sold out,"Emerging from the esteemed lineage of Kushco OG and Scotty2hotty, Next Level is a sativa-dominant hybrid strain that elevates the cannabis experience to new heights. With a 60% sativa and 40% indica balance, Next Level delivers a potent cerebral high accompanied by a soothing indica undercurrent, making it a versatile strain suitable for both daytime focus and nighttime relaxation. \n\n Bred by the renowned Exotic Genetix, Next Level boasts an impressive THC content that typically ranges between 22% and 27%, making it a strain best suited for experienced cannabis consumers. Its terpene profile is dominated by myrcene, the terpene responsible for the strain's relaxing properties, while hints of caryophyllene and limonene contribute to its overall flavor profile and therapeutic effects. \n\n Upon consumption, Next Level swiftly ushers in a wave of cerebral invigoration, sharpening mental clarity, enhancing creativity, and fostering a sense of euphoria. The indica influence, however, gently counterbalances the sativa effects, providing a soothing undercurrent of relaxation that eases tension and promotes calmness. This unique blend of effects makes Next Level a well-rounded strain, suitable for a variety of activities, from engaging in creative pursuits to enjoying social gatherings or simply unwinding after a long day.","Emerging from the esteemed lineage of Kushco OG and Scotty2hotty, Next Level is a sativa-dominant hybrid strain that elevates the cannabis experience to new heights.",Sativa 60%,25.0,0.0,"Relaxed, Giggly, Aroused","Anxiety, Depression, Stress"
North Thunderfuck,Strain,50,200,198.7,0,Sold out,"Step into the mesmerizing world of North Thunderfuck, an offspring of the legendary Alaskan Thunder Fuck (Matanuska Thunder Fuck), whose genetics remain a well-guarded secret. Boasting approximately 22% THC, North Thunderfuck delivers a gradual and robust high, characterized by potent waves of euphoria. This strain's uplifting and enduring happiness is complemented by a burst of intense lemon flavor, creating a refreshing citrus symphony. The aroma is equally enchanting, blending citrus notes with hints of earth and pine. With its mysterious lineage and exhilarating effects, North Thunderfuck stands as a compelling choice for those seeking a unique and euphoria-inducing cannabis experience.","North Thunderfuck, a secretive strain with 22% THC, offers a potent euphoria with intense lemon and earthy pine flavors. Ideal for a refreshing, uplifting experience.",Hybrid,22.0,0.0,"Euphoric, Uplifting, Happy","Lack of appetite, Stress, Anxiety"
Northern Lights,Strain,50,200,421.5,0,Sold out,"Northern Lightss, or NL, is a legendary indica strain created by crossing Afghani with Thai genetics. Renowned for its deeply relaxing effects, Northern Lightss provides a full-body experience that soothes muscles and calms the mind, making it a go-to choice for unwinding after a long day. This strain\'s flavor profile is a delightful blend of sweet and spicy notes, with a smooth and pungent exhale that leaves a lasting impression. \n\n Medical marijuana patients often turn to Northern Lightss for its effective relief of symptoms associated with depression, stress, pain, and insomnia. Its potent effects help to alleviate both physical and mental tension, offering a euphoric escape that can be particularly beneficial for those struggling with chronic conditions. The strain\'s beautiful buds are notable for their purple hues and crystal-coated appearance, adding to its appeal both visually and therapeutically. \n\n Northern Lightss has cemented its place in cannabis history, not just for its unique effects and flavors, but also for its influence on the cannabis community. This pure indica has been the genetic foundation for many famous hybrids, including Shiva Skunk and Super Silver Haze. Initially rumored to have been cultivated near Seattle, Washington, Northern Lightss gained prominence and was further developed in Holland after 1985 at Sensi Seeds, becoming a staple in the cannabis world for its reliable growth and resinous buds.","Northern Lightss is a legendary indica with deeply relaxing effects, blending sweet and spicy flavors. Ideal for easing stress, pain, and insomnia with its soothing full-body high.",Indica 60%,18.0,0.0,"Sleepy, Relaxed, Hungry","Anxiety, Pain, Stress"
OG Kush,Strain,50,200,484.5,0,Sold out,"OG Kush, also known as Premium OG Kush, is one of the most iconic cannabis strains in history. First cultivated in Florida in the early ‘90s, this legendary hybrid was created by crossing Chemdawg, Lemon Thai, and a Hindu Kush plant from Amsterdam. The result is a strain with a distinct terpene profile, delivering a complex aroma of fuel, skunk, and spice, with undertones of lemon-pine freshness. \n\n With its high THC content, OG Kush produces a powerful mix of cerebral euphoria and full-body relaxation, making it perfect for unwinding after a long day. Many users report relief from stress, anxiety, and pain, while its uplifting effects can boost creativity and social vibes. The strain’s “OG” designation is often debated—some claim it stands for “Original Gangster,” while others say it means “Ocean Grown”, referring to its coastal cultivation roots. \n\n OG Kush became a West Coast cannabis powerhouse when Matt “Bubba” Berger brought it from Florida to Los Angeles in 1996, where it was later refined by Josh D. Since then, it has served as the genetic foundation for countless legendary strains, including GSC, Headband, Tahoe OG, SFV OG, and Ghost OG. Whether you’re a longtime fan or a new enthusiast, OG Kush remains a must-try strain that continues to set the gold standard in cannabis.","OG Kush, a legendary hybrid with lemon-pine-fuel aroma, delivers euphoric, full-body effects. A West Coast classic, it's the backbone of many top strains.",Indica 60%,25.0,0.0,"Hungry, Relaxed, Sleepy","Stress, Anxiety, Pain"
OG Poison,Strain,50,300,0,0,Sold out,"OG Poison, also referred to as Poison OG, is a potent hybrid that can induce drowsiness after the initial consumption. This strain was specifically crafted to combat severe insomnia and its effects are quick-acting. \n\n However, it is not recommended for individuals who wish to remain productive, as it is intended solely for nighttime use. With a distinct piney scent and strong lasting effects, OG Poison delivers a deeply relaxing and heavy-bodied experience for its users. Its unique qualities make it a desirable choice for those seeking a peaceful night's rest. \n\n Additionally, due to its soothing properties, OG Poison may also be beneficial for those experiencing stress or anxiety. From an SEO perspective, this rephrasing highlights the key benefits and features of the strain while incorporating relevant keywords for search engines to recognize.","OG Poison, also referred to as Poison OG, is a potent hybrid that can induce drowsiness after the initial consumption. This strain was specifically crafted to combat severe insomnia and its effects are quick-acting.",Indica 60%,22.0,0.0,"Sleepy, Hungry, Tingly",undefined
Orange Sherbert,Strain,50,150,342,0,Sold out,"Orange Sherbert is a deliciously enticing hybrid strain from Barney’s Farm, born from a masterful cross of Orange Cream, Purple Urkle, and Cherry Pie. This vibrant combination offers a unique flavor profile that blends the sweet and tangy essence of oranges with a hint of creamy indulgence. Developed by a group of skilled American breeders, Orange Sherbert delivers a candy-like experience, making it a favorite among cannabis connoisseurs seeking a flavorful treat. \n\n The strain’s visual appeal is equally captivating, featuring dense buds with a striking mix of green and deep purple hues. Bright orange pistils weave through the buds, enhancing its aesthetic charm. Beyond its looks, Orange Sherbert provides a balanced high that leans towards relaxation and euphoria, perfect for unwinding after a long day or socializing with friends. \n\n With a terpene profile that highlights its citrus and sweet undertones, Orange Sherbert entices both recreational and medicinal users. It’s praised for its uplifting effects, which can help alleviate stress and mild depression, while its calming properties ease physical discomfort and tension. Whether you’re savoring its delightful flavor or enjoying its soothing effects, Orange Sherbert is a strain that satisfies on all fronts.","Orange Sherbert, a hybrid from Barney’s Farm, blends Orange Cream, Purple Urkle, and Cherry Pie for a sweet citrus flavor and relaxing euphoric effects.",Hybrid,15.0,0.0,"Giggly, Happy, Uplifted","Anxiety, Stress, Depression"
Orange Velvet,Strain,50,300,0,0,Sold out,"Looking for a unique strain that tastes and smells like an Orange Dreamsicle? Look no further than Orange Velvet, a rare gem created by MzJill Genetics. \n\n While its effects may not be overpowering, its citrusy and creamy aroma and taste make up for it. The high provides just the right amount of euphoria and focus for a duration of 2 to 3 hours, making it perfect for those looking to unwind without getting too couch-locked. \n\n Additionally, Orange Velvet has been known to help alleviate light pain. While it's no longer widely available, keep an eye out for this strainv at your local dispensary and stock up when you find it!","Looking for a unique strain that tastes and smells like an Orange Dreamsicle? Look no further than Orange Velvet, a rare gem created by MzJill Genetics.",Hybrid,22.0,0.0,"Aroused, Uplifted, Energetic",undefined
Phantom Cookies,Strain,50,300,0,0,Sold out,"Step into the enchanting world of Phantom THC Cookies, a sativa-dominant hybrid hailing from the hills of Northern California. This exquisite strain is a product of the harmonious union between the flavorful Cherry Pie and the resin-rich Granddaddy Purple, resulting in a cannabis masterpiece. \n\n Phantom THC Cookies mesmerizes with its buds adorned in a tapestry of green and purple hues, delicately coated with a crystalline layer of trichomes. Electric orange hairs sprout from this cannabis canvas, creating a visually stunning and potent package. \n\n Engage your senses with Phantom THC Cookies' intricate aroma, where earthiness and roasted nuts intertwine with sweeter notes of grape and berry. The fragrance sets the stage for what comes next—a symphony of effects that starts with a euphoric surge, awakening the mind to new realms of creativity and happiness.","Step into the enchanting world of Phantom THC Cookies, a sativa-dominant hybrid hailing from the hills of Northern California. This exquisite strain is a product of the harmonious union between the flavorful Cherry Pie.",Sativa 60%,21.0,0.0,"Happy, Uplifted, Energetic","Stress, Pain, Depression"
Pink Runtz,Strain,50,400,30,0,Sold out,"Pink Runtz is an exceptional hybrid strain, equally balanced between indica and sativa. Known for its origins as a phenotype of the Runtz strain or as a cross of Rainbow Sherbet and Pink Panties, Pink Runtz offers a unique blend of flavors and effects that make it a standout choice for cannabis enthusiasts. \n\n With its sweet and fruity cherry berry flavor complemented by a hint of sour candy, Pink Runtz delivers a delightful sensory experience. The aroma mirrors its flavor profile, offering a pronounced sour note that intensifies when the buds are burned. This strain is known for its dense, spade-shaped minty green nugs with vibrant purple leaves. \n\n Pink Runtz produces uplifting and euphoric effects that promote a sense of blissful relaxation. The high starts with a cerebral rush that clears negative thoughts, transitioning into a soothing body buzz that eases pain and stress. Its high THC content makes it effective for managing depression, chronic stress, and fatigue.","Pink Runtz, a balanced hybrid, blends sweet cherry berry and sour candy flavors. With uplifting effects and a high THC content, it offers blissful relaxation and stress relief.",Hybrid,25.0,0.0,"Giggly, Talkative, Happy","Anxiety, Depression, Stress"
Pink Sunset,Strain,100,200,81,0,Sold out,"Pink Sunset is a remarkable hybrid strain that combines the best traits of its parent strains, Critical Plus and Bubble Gum. Critical Plus, a cross between Skunk and Big Bud, is known for its fast growth and high yields. It has gained recognition in cannabis competitions, including winning the first Highlife Cup in Barcelona. Buddy Critical inherits the pungent and citrusy flavors of Critical Plus, accompanied by a subtle diesel and nutty undertone. With the addition of Bubble Gum genetics, this strain offers a relaxing and pain-relieving experience while keeping the mind pleasantly stimulated. \n\n Bred by Dinafem Seeds, Buddy Critical exemplifies the expertise and dedication of its breeders. The careful selection and combination of Critical Plus and Bubble Gum have resulted in a strain that offers a well-balanced and enjoyable experience. The body-numbing effects of Bubble Gum are complemented by the uplifting and euphoric qualities of Critical Plus. This combination makes Buddy Critical a popular choice among cannabis enthusiasts seeking relaxation and pain relief without sacrificing mental clarity. \n\n The precise genetic lineage of Bubble Gum, one of Buddy Critical's parent strains, remains somewhat mysterious. It is believed to be derived from an unknown cross of Indiana Bubble Gum. What is known, however, is the exceptional body-numbing high that Bubble Gum delivers. Users often experience a sense of pain relief and relaxation, accompanied by a gentle mental stimulation. Buddy Critical takes these desirable qualities and enhances them with the addition of Critical Plus genetics, resulting in a well-rounded and satisfying cannabis strain that appeals to a wide range of users.","Pink Sunset is a remarkable hybrid strain that combines the best traits of its parent strains, Critical Plus and Bubble Gum.",Indica 60%,24.0,0.0,"Tingly, Relaxed, Sleepy","Insomnia, Stress, Depression"
Pitaya,Strain,50,450,326,0,Sold out,"Pitaya, a 100% Indica dominant hybrid, is a mesmerizing fusion of OG Kush, OG Kush Breath, and Girl Scout THC Cookies. This exquisite strain captivates connoisseurs with its exceptional flavor profile, blending the sweetness of nutty THC Cookies with the robust undertones of rich, earthy pine. Each toke tantalizes the palate, offering a mouthwatering experience that leaves a lasting impression. With a THC content averaging at an impressive 26%, Pitaya promises a potent and memorable high, showcasing the best of its genetic lineage. \n\n Originating from the United States, Pitaya's aroma mirrors its delectable flavor profile, exuding a captivating blend of sweet and earthy notes. As the nugs are ignited, a pungent herbal twist unfolds, intensifying the aromatic journey. This strain invites users into a realm of euphoria and upliftment, enveloping the mind in a blissful haze. While the experience may be somewhat stoney and unfocused, it offers a profound sense of relaxation and contentment that resonates deeply with enthusiasts. \n\n Beyond its delightful flavor and aroma, Pitaya boasts a versatile terpene profile that may manifest in a range of tastes, from fruity and spicy to earthy, sour, and piney. Its therapeutic potential is equally diverse, offering relief from various ailments such as pain, anxiety, and lack of appetite. While the strain's euphoric and calming effects are widely celebrated, users should be mindful of potential side effects, including mild anxiety and dry mouth, ensuring a balanced and enjoyable experience.","Pitaya, a 100% Indica hybrid, offers a sweet and earthy flavor with a potent 26% THC. Experience deep relaxation, euphoria, and relief from pain and anxiety.",Indica 60%,26.0,0.0,"Giggly, Hungry, Relaxed","Stress, Headaches, Pain"
Platinum Oreoz,Strain,50,300,16,0,Sold out,"Discover the exquisite qualities of Platinum Oreoz, a top-tier strain meticulously crafted by Inhouse Genetics. This Indica-dominant hybrid is the result of a cross between the renowned Platinum Kush Breath and Oreoz strains. What sets Platinum Oreoz apart is its extraordinary flavor profile, characterized by a delightful blend of sweet vanilla, earthy undertones, and subtle hints of fuel. The aroma alone is enough to captivate your senses and draw you in for an unforgettable experience. \n\n Prepare to unwind and embrace deep relaxation as the effects of Platinum Oreoz take hold. Its Indica dominance delivers a profound body buzz that eases tension and induces a state of blissful tranquility. Feel your worries melt away as euphoria and carefree sensations envelop you. Beyond its recreational appeal, Platinum Oreoz is cherished for its therapeutic benefits. It offers respite from stress, anxiety, and physical pain, making it an excellent choice for those seeking natural relief. \n\n If you're searching for a strain to promote a restful night's sleep, look no further than Platinum Oreoz. Its sedative properties make it a favored option for individuals seeking to improve their sleep patterns. As word spreads about its unique flavor and potent effects, Platinum Oreoz has garnered a devoted following among cannabis connoisseurs. Experience the allure of this exceptional strain and elevate your cannabis journey to new heights with Platinum Oreoz.","Discover the exquisite qualities of Platinum Oreoz, a top-tier strain meticulously crafted by Inhouse Genetics.",Indica 60%,20.0,0.0,"Happy, Hungry, Relaxed","Pain, Depression, Anxiety"
Platinum Punch,Strain,50,300,0,0,Sold out,"Platinum Punch is a sativa-dominante hybrid strain that results from crossing Platinum Wreck and Fruit Punch. Its effects are believed to offer relaxation and focus, making it a great option for both daytime and evening use. \n\n This strain's taste is described as herbal with subtle hints of citrus and pepper, providing a delightful sensory experience. Platinum Punch features dense, light green buds that are dusted with trichomes, giving it a frosty appearance. \n\n Medical marijuana patients choose Platinum Punch to relieve symptoms associated with stress, anxiety, and depression. Growers appreciate its moderate growth and average flowering time, making it a great strain for those who are just starting.","Platinum Punch is a sativa-dominante hybrid strain that results from crossing Platinum Wreck and Fruit Punch. Its effects are believed to offer relaxation and focus, making it a great option for both daytime and evening use.",Sativa 60%,25.0,0.0,"Focus, Giggly, Relaxed",undefined
Purple Queen,Strain,150,600,116.5,0,Sold out,"Purple Queen is a captivating indica strain, born from the harmonious union of Hindu Kush and Purple Afghani cannabis varieties. With a formidable THC content of 22% and a dash of CBG at 1%, Purple Queen beckons seasoned cannabis connoisseurs to embark on a journey into relaxation and euphoria. Its entrancing effects, as recounted by Leafly patrons, are a delightful blend of giggly amusement, heightened sensuality, and an overwhelming sense of happiness. For those seeking relief from the relentless grip of depression, persistent insomnia, or a stubborn lack of appetite, Purple Queen stands as a steadfast ally. \n\n Crafted with care by Royal Queen Seeds, this strain tantalizes the palate with a unique flavor profile featuring hints of sage, subtle notes of ammonia, and a floral touch of violet. All of this is harmonized by its dominant terpene, caryophyllene, which adds to its distinct allure. \n\n Purple Queen's lineage traces back to some of the most renowned cannabis strains, blending their genetics to create a truly regal experience. It's the result of meticulous breeding, and its potency is evident in every trichome-covered bud. Whether you're looking to unwind after a long day or seeking respite from troubling ailments, Purple Queen promises an exquisite journey into the realm of relaxation and contentment. So, take a seat on your throne of tranquility, and let the Purple Queen reign over your senses, leading you into a state of joyful serenity.","Purple Queen is a captivating indica strain, born from the harmonious union of Hindu Kush and Purple Afghani cannabis varieties.",Indica 60%,22.0,0.0,"Aroused, Giggly, Happy","Depression, Insomnia, Lack of appetite"
Purple Zkittlez,Strain,200,300,25.5,0,Sold out,"Purple Zkittlez is an exquisite indica-dominant hybrid strain that delivers a truly remarkable experience. Crafted through a meticulous crossing of Purple Punch and Zkittlez, Purple Zkittlez showcases a stunning appearance and an irresistibly delicious flavor profile. Its buds boast spade-shaped dark green nugs, adorned with deep purple undertones, dark amber hairs, and a generous coating of thick frosty purple-tinted crystal trichomes that glisten with sweet resin. \n\n Upon breaking apart these sticky gems, a delightful blend of spicy earthy herbs and ripe blueberries fills the air, tantalizing the senses. The flavor mirrors the aroma, with a captivating sweetness reminiscent of berry candy that dances on the tongue. But Purple Zkittlez is more than just a treat for the taste buds. Its effects are equally delightful, inducing a full-bodied and euphoric buzz that invites relaxation while keeping the mind alert. \n\n This strain also brings a creative spark, unleashing a touch of artistic energy without any accompanying anxiety. With an average THC level of 14-19%, Purple Zkittlez is well-suited for a variety of therapeutic applications. It can effectively alleviate symptoms of depression, chronic pain, headaches, migraines, chronic fatigue, nausea, appetite loss, and chronic stress. Embrace the enchanting allure of Purple Zkittlez and let its blissful qualities guide you towards a state of tranquility and well-being.",Purple Zkittlez is an exquisite indica-dominant hybrid strain that delivers a truly remarkable experience.,Indica 60%,19.0,0.0,"Relaxed, Sleepy, Happy","Anxiety, Depression, Headaches"
Royal Cheese,Strain,50,150,289,0,Sold out,"Royal Cheese is a perfectly balanced hybrid strain, born from the classic Cheese variety. Known for its potent effects, this strain offers a unique combination of mind and body relaxation. It energizes the mind with a burst of creativity while soothing the body, making it ideal for both recreational and medicinal use. \n\n The flavor profile of Royal Cheese is as distinctive as its name suggests, blending sweet and creamy cheesy notes with hints of spicy black pepper and a pungent undertone. The aroma is equally rich, featuring a heavy, sour cheese scent accented by spicy pepper. This unique combination makes each inhale and exhale a flavorful experience, perfect for those who enjoy bold and complex tastes. \n\n With an average THC level of 16-17%, Royal Cheese delivers a high that brightens the mind and lifts the spirit. It's particularly effective for treating chronic pain, depression, stress, PTSD, arthritis, and chronic fatigue. The strain's beautiful long, pepper-shaped minty green buds, adorned with golden undertones and chunky trichomes, make it as visually appealing as it is enjoyable to consume.","Royal Cheese is a balanced hybrid with a distinctive cheesy flavor and a burst of creativity. Ideal for relaxation and treating chronic pain, stress, and depression.",Hybrid,17.0,0.0,"Creative, Uplifted, Euphoric","Depression, Fatigue, Stress"
Royal Moby,Strain,100,500,5.29,0,Sold out,"Royal Moby is a popular hybrid marijuana strain that has gained a royal status among cannabis enthusiasts worldwide. This strain is known for its hard-hitting smoke and delightful aroma, which have contributed to its widespread popularity. In the early days of cannabis cultivation, Sativa and Indica hybrids were primarily used to develop new strains. While a combination of both traits is typically present, one will often dominate over the other, leading to the emergence of dominant strains. In Spain, growers experimenting with genetics came across a Sativa/Indica hybrid that flowered to the full psychoactive effects of a pure Sativa. The smoke from this cannabis strain was so enormous that it was eventually named Moby Dick. \n\n Royal Moby is a hard-hitting sativa with impressive traits derived from Haze and White Widow. Its aroma is a combination of earthy and spicy notes, with hints of citrus shining through. The effects of this strain are predominantly cerebral, producing a euphoric and energizing high that is perfect for daytime use. Medical marijuana patients have reported that Royal Moby helps relieve symptoms of stress, depression, and anxiety. \n\n If you're looking for a hybrid strain that offers a balanced blend of Sativa and Indica traits, Royal Moby is an excellent choice. With its hard-hitting smoke and pleasant aroma, this strain is sure to become a favorite among cannabis connoisseurs. So why not give it a try and experience the royal treatment that Royal Moby has to offer?",Royal Moby is a popular hybrid marijuana strain that has gained a royal status among cannabis enthusiasts worldwide.,Sativa 60%,21.0,0.0,"Strong, Cerebral, Trippy","Stress, Pain, Anxiety"
Royal Runtz,Strain,50,300,202.4,0,Sold out,"Royal Runtz stands as a remarkable hybrid cannabis strain resulting from the intricate genetics of Gelato and Zkittlez. This distinguished USA-bred variety boasts an unparalleled blend of flavors and fragrances that truly set it apart in the world of cannabis. With an impressive THC content of 27%, Royal Runtz is primarily recommended for experienced cannabis enthusiasts who seek a robust and potent high. \n\n As attested by Leafly customers, its effects include profound happiness, relaxation, and euphoria. Moreover, many medical marijuana patients turn to Royal Runtz to alleviate symptoms associated with pain, insomnia, and loss of appetite. Crafted by the esteemed Royal Queen Seeds, this strain entices connoisseurs with its delightful flavor profile, encompassing sweet, fruity, and citrusy notes. \n\n The dominant terpene, limonene, not only enhances mood but also possesses anti-inflammatory properties. On average, Royal Runtz commands a price range of $50-$70 per eighth, reflecting its rarity and high demand. Its dense and frosty buds, adorned with vibrant orange hairs and hints of purple, are a sight to behold. The strain's aroma is a delightful fusion of sweetness, fruitiness, with subtle undertones of cream and candy.",Royal Runtz stands as a remarkable hybrid cannabis strain resulting from the intricate genetics of Gelato and Zkittlez.,Hybrid,27.0,0.0,"Creative, Uplifting, Euphoric","Pain, Insomnia, Stress"
Runtz,Strain,50,300,40.5,0,Sold out,"Runtz, also referred to as Runtz OG, is a rare and highly sought-after hybrid marijuana strain created by the THC Cookies Fam by crossing Zkittlez with Gelato. It\'s recognized for its exceptional fruity flavor profile that mimics the aroma of sugary candy we all love. \n\n Its popularity has been rising steadily, and it was named Leafly Strain of the Year in 2020. According to growers, Runtz has resinous buds that range in color from deep purple to vibrant lime green. \n\n It boasts a smooth and creamy smoke that is easy to inhale. This strain is famous for its long-lasting uplifting effects and euphoric highs. Purple Caper Seeds also produced the same cross and marketed it as Gelato Zkittlez.","Runtz is a balanced hybrid strain known for its candy-like sweetness and euphoric effects. Perfect for relaxing, it helps with stress, anxiety, and chronic pain relief.",Hybrid,21.0,0.0,"Talkative, Happy, Giggly","Anxiety, Stress, Depression"
Scotty 2 Hotty,Strain,120,800,496.9,0,Sold out,"Scotty 2 Hotty is an indica-dominant hybrid that emerges from the genetic fusion of Biscotti and Rainbow Chip. This strain features tightly-packed olive and fern green buds, showcasing the rich and complex characteristics of its THC Cookies family lineage. The aroma and flavor of Scotty 2 Hotty are captivating, delivering a sensory experience that cannabis enthusiasts will appreciate. With each inhale, this strain reveals layers of earthy sweetness and hints of spice, making it a delightful choice for those seeking both potency and flavor. \n\n The effects of Scotty 2 Hotty are as balanced as they are powerful. As an indica-dominant strain, it excels at inducing a state of deep relaxation, helping to ease tension and promote tranquility. Despite its calming effects, Scotty 2 Hotty also has a noticeable sativa influence that sparks a wave of euphoria, lifting the mood and enhancing overall well-being. This combination makes it an excellent choice for those looking to unwind while still enjoying a subtle mental uplift, perfect for evening use or moments of stress. \n\n Scotty 2 Hotty’s terpene profile plays a crucial role in shaping its effects. Dominated by caryophyllene, a terpene known for its anti-inflammatory and analgesic properties, this strain not only relaxes the body but also helps to alleviate pain. The presence of myrcene, another key terpene associated with sedation, further enhances the strain’s calming effects. Together, these terpenes create a well-rounded experience that soothes the body and mind, making Scotty 2 Hotty a popular choice for both recreational and medicinal use.","Scotty 2 Hotty offers deep relaxation and euphoria with its indica-dominant hybrid strain. Enjoy its rich flavor, potent effects, and soothing terpene profile.",Indica 60%,29.0,0.0,"Giggly, Hungry, Relaxed","Stress, Headaches, Pain"
Sha-Boink,Strain,50,250,116,0,Sold out,"Sha-Boink, a captivating hybrid from Exotic Genetix, is born from the dynamic cross of Bonkers (Lemon Tree x THC Cookies & Cream F2) and Gary Poppins (Gary Payton x Red Runtz), blending indica and sativa traits in a perfectly balanced dance. This strain dazzles with a complex flavor profile, weaving tart berry bursts with earthy undertones and a crisp pine finish, reminiscent of a forest stroll kissed by citrusy Kool-Aid vibes. \n\n Its aroma is equally enchanting, marrying fruity zest with deep, spicy notes, thanks to a rich terpene mix led by caryophyllene. Sha-Boink’s buds are a visual treat—dense, bauble-like nuggets in hues of hunter green, royal purple, and maroon, glistening with resinous trichomes. Boasting 25-28% THC, it delivers a robust, uplifting high that sparks euphoria and creativity while gently soothing the body, making it ideal for daytime inspiration or evening relaxation. \n\n Medical users seek Sha-Boink for its potential to ease stress, anxiety, and chronic pain, offering mental clarity alongside physical calm. With a flowering time of 56-63 days, it thrives indoors or out, yielding generously for growers. Sha-Boink is a sensory masterpiece, crafted for those craving bold flavors and a vibrant, balanced high that elevates both mind and spirit.","Sha-Boink: Exotic Genetix hybrid (25-28% THC) with tart berry, earth, and pine flavors. Uplifting, creative high eases stress and pain. Vibrant buds, high yields.",Hybrid,25.0,0.0,"Focused, Relaxed, Happy","Dry mouth, Dizzy, Dry eyes"
Sherbert,Strain,50,300,0,0,Sold out,"Embark on a sensory journey with Sherbert, an enchanting indica-dominant hybrid. Born from the crossbreeding of Girl Scout THC Cookies and Pink Panties, this strain offers a captivating blend of effects. Experience a surge of cerebral energy and a carefree state of mind, enhanced by its full-bodied potency. With a THC level reaching 18%, Sherbert is best suited for experienced enthusiasts seeking solace from stress, tension, and mood disorders. \n\n Indulge in the delightful flavor profile of Sherbert. Enjoy the harmonious notes of skunky citrus, sweet berry, and candy dancing on your palate. While the average price per gram is around $20, it may vary based on your location. Sherbert's appearance is equally remarkable, featuring oblong, fluffy nugs adorned with a lush coat of trichomes and dark amber hairs. Bred intentionally by Mr. Sherbinski, this strain inherits the genetic lineage of its parent strain, Girl Scout THC Cookies. \n\n Sherbert, an extraordinary cannabis strain, offers a sensory symphony. Its indica-dominant nature delivers a euphoric and carefree relaxation, complemented by a cerebral uplift. With a THC level of 18%, Sherbert is favored by medical marijuana patients seeking relief from stress, tension, and mood disorders. Delight in its delectable flavor profile, featuring skunky citrus, sweet berry, and candy undertones. Cultivated with utmost care, Sherbert's appearance showcases oblong, fluffy nugs blanketed in trichomes and accentuated by dark amber hairs. Bred by Mr. Sherbinski, Sherbert pays homage to its parent strain, Girl Scout THC Cookies.","Embark on a sensory journey with Sherbert, an enchanting indica-dominant hybrid.",Indica 60%,19.0,0.0,"Relaxed, Happy, Giggly","Stress, Anxiety, Depression"
Silver Fox,Strain,50,300,74,0,Sold out,"Silver Fox emerges as a prized sativa dominant hybrid, originating as a phenotype of the renowned Exodus Cut of UK Cheese. This strain is a visual delight, boasting small, rounded forest green nugs accented with vibrant lime hues, deep amber hairs, and a lavish blanket of silvery amber crystal trichomes. Upon breaking apart each nugget, an invigorating blend of sour pungent skunk and dank cheese wafts through the air, intensifying with each inhalation. Delightful on the palate, Silver Fox offers a flavor profile characterized by fresh sour cheese complemented by deep, rich skunk undertones, delivering a progressively potent experience with every toke. \n\n The Silver Fox experience begins swiftly, with a surge of lifted euphoria and sharpened creativity that invigorates the mind. As the high deepens, a sense of giddiness and laughter permeates, effortlessly fostering connections and conversation. This delightful journey is further enhanced by a gentle tingling sensation that blankets the body in light relaxation, offering relief without any sense of heaviness. With an average THC level ranging from 15-22%, Silver Fox proves to be a versatile ally for individuals seeking reprieve from conditions such as chronic stress, depression, mood swings, chronic pain, and ADD or ADHD. \n\n Renowned for its multifaceted effects and therapeutic potential, Silver Fox stands as a beacon of hope for those navigating the complexities of modern life. Whether seeking creative inspiration or simply looking to unwind and connect, this rare and exquisite strain promises a journey that is as uplifting as it is soothing, guiding users towards a state of balance and well-being.","Silver Fox emerges as a prized sativa dominant hybrid, originating as a phenotype of the renowned Exodus Cut of UK Cheese.",Sativa 60%,22.0,0.0,"Happy, Talkative, Hungry","Stress, Anxiety, Muscle spasms"
Skunk,Strain,50,300,0,0,Sold out,"Skunk #1, a legendary hybrid strain, has left an indelible mark on the cannabis world since its inception in the late 1970s. Created by Sacred Seed Co., it is the proud parent of numerous Skunk crosses. This groundbreaking variety was meticulously bred through a multi-generational process, combining Afghani, Acapulco Gold, and Colombian Gold genetics. Skunk #1 became the genetic foundation for countless cannabis hybrids, shaping the industry on a global scale. \n\n Born from the diligent work of breeders like Sensi Seeds, Dutch Passion, Flying Dutchmen, Nirvana Seeds, and Royal Queen Seeds, Skunk #1's legacy grew even further. The strain's name accurately reflects its distinct aroma, characterized by a pungent skunkiness and subtle earthy undertones. Beyond its fragrance, Skunk #1 offers a high-energy buzz that fuels creativity and inspires a sense of elevated thought. Experience the blissful relief as stress fades away and appetite returns under the influence of Skunk #1's potent effects. \n\n Skunk #1, a groundbreaking hybrid strain, has captivated cannabis enthusiasts worldwide. Crafted by Sacred Seed Co. through an intricate breeding process, this strain brings together the best genetics from Afghani, Acapulco Gold, and Colombian Gold. Its influence spread through renowned breeders such as Sensi Seeds, Dutch Passion, Flying Dutchmen, Nirvana Seeds, and Royal Queen Seeds. When indulging in Skunk #1, expect a distinctive aroma of sour skunkiness mingled with earthy hints. Immerse yourself in its high-energy buzz, unlocking boundless creativity and finding solace as stress melts away and appetite is rekindled.","Skunk #1, a legendary hybrid strain, has left an indelible mark on the cannabis world since its inception in the late 1970s.",Indica 60%,19.0,0.0,"Hungry, Energetic, Creative","Stress, Anxiety, Depression"
Snoop Punch,Strain,50,300,0,0,Sold out,"By blending two of Snoop Dogg's beloved strains, Blue Dream and Master Kush, Snoop Punch was born. Its balanced effects are a perfect reflection of its hybrid nature, providing a cerebral high that inspires creativity while also inducing relaxation in the body. \n\n Not only does Purple Punch bring its unique flavors to the table, but it also adds an extra level of frost, giving this strain an appealing appearance that will catch anyone's eye. \n\n Whether you're a seasoned smoker or new to the game, Snoop's Dream x Purple Punch is sure to provide a well-rounded experience that satisfies both the palate and mind.","By blending two of Snoop Dogg's beloved strains, Blue Dream and Master Kush, Snoop Punch was born. Its balanced effects are a perfect reflection of its hybrid nature, providing a cerebral high that inspires creativity while also inducing relaxation in the body.",Hybrid,28.0,0.0,"Relaxed, Sleepy, Hungry",undefined
Sorbet #4,Strain,50,300,0,0,Sold out,"Sorbet#4 is the exceptional outcome of blending two renowned genetic strains. This variety thrives with vigorous growth, displaying robust plants that develop abundantly with multiple secondary branches. However, its exuberance requires careful control to maintain its desired form. \n\n With its elongated and resinous buds, Sorbet#4 offers a unique appeal and earns its place as a cherished addition to any garden. After approximately 9 weeks of flowering, these buds are ready to be gradeed. The remarkable productivity of Sorbet#4 ensures a yield of over 500g per square meter, making it a highly rewarding cultivar. \n\n Indulge in the delightful combination of fruity and creamy flavors that Sorbet#4 delivers. This strain offers a harmonious blend of relaxation for the body and euphoria for the mind. It provides the perfect invitation to unwind and enjoy a tranquil time in the company of good friends or loved ones.","Sorbet#4 is the exceptional outcome of blending two renowned genetic strains. This variety thrives with vigorous growth, displaying robust plants that develop abundantly with multiple secondary branches.",Indica 60%,26.0,0.0,"Hungry, Energetic, Creative","Stress, Anxiety, Depression"
Sour Diesel,Strain,50,350,416.5,0,Sold out,"Sour Diesel, also known as Sour D or Sour Deez, is a legendary sativa-dominant hybrid celebrated for its uplifting effects and distinctive aroma. With a 90:10 sativa-to-indica ratio, Sour Diesel is a powerhouse for creativity and energy, making it a favorite for both recreational and medicinal users. Its origins are often debated, with some attributing its lineage to a cross between Mass Super Skunk and 91 Chemdog, while others point to Mexican sativa and a Chemdog phenotype. Regardless of its genetic roots, Sour Diesel consistently delivers a vibrant cerebral high that stimulates the mind and fuels productivity. \n\n Unlike indica-heavy strains, Sour Diesel won’t leave you couch-locked. Instead, it’s a go-to choice for alleviating anxiety, depression, and chronic fatigue, offering users an invigorating mental lift. The strain’s stimulating properties make it less ideal for insomnia but perfect for a morning boost or mid-day spark. \n\n Sour Diesel\'s aroma is unmistakable—a bold combination of diesel fuel and fresh lemon with subtle earthy undertones. Its smooth smoke leaves a tangy lemon aftertaste, tantalizing the palate. Visually, this strain boasts dense, light-green buds intertwined with vibrant orange hairs, encapsulating its energetic essence. Whether you\'re looking to spark creativity, elevate your mood, or enjoy a flavorful experience, Sour Diesel is the perfect companion for an inspired day.","Sour Diesel is a sativa-dominant strain with a 90:10 ratio. Known for its uplifting cerebral high, diesel aroma, and lemon aftertaste, it's perfect for creative energy.",Sativa 60%,26.0,0.0,"Creative, Euphoria, Happy","Anxiety, Depression, Stress"
Stardawg,Strain,50,300,25.8,0,Sold out,"Stardawg, also known as Stardog, is a hybrid marijuana strain created from Chemdog 4 and Tres Dawg. Its earthy pine flavor with hints of sour diesel is truly captivating. The effects of Stardawg are uplifting and beneficial for relieving stress, fatigue, and anxiety. With a flowering time of 67 days indoors, it yields moderate amounts of high-quality buds. \n\n Stardawg is a mesmerizing hybrid strain derived from Chemdog 4 and Tres Dawg. Its distinct earthy pine taste intertwined with sour diesel undertones is truly delightful. This strain offers uplifting effects that can provide relief from stress, fatigue, and anxiety. Indoor growers can expect a moderate yield of exceptional buds after approximately 67 days of flowering. \n\n Discover Stardawg, a remarkable hybrid strain bred from Chemdog 4 and Tres Dawg. Its enticing flavor profile blends earthy pine with subtle sour diesel notes. Stardawg's uplifting effects make it an ideal choice for relieving stress, fatigue, and anxiety. With an indoor flowering time of around 67 days, this strain yields moderate amounts of top-quality buds.","Stardawg, also known as Stardog, is a hybrid marijuana strain created from Chemdog 4 and Tres Dawg.",Hybrid,22.0,0.0,"Talkative, Happy, Energetic","Stress, Anxiety, Depression"
Super Boof,Strain,50,400,167,0,Sold out,"Super Boof, also known as 'Superboof' is a perfectly balanced hybrid strain with equal parts indica and sativa. Created by crossing Black Cherry Punch with Tropicana THC Cookies, this strain is ideal for those seeking a well-rounded experience. Its high potency delivers intense effects that impact both mind and body, offering a unique blend of relaxation and stimulation. \n\n The flavor profile of Super Boof features sweet and fruity cherry berry notes, complemented by a nutty and sour citrus aroma. The dense, heart-shaped nugs are emerald green with thin red-orange hairs and a coating of milky amber trichomes, adding to its appealing appearance. \n\n Super Boof’s effects begin with a cerebral uplift, enhancing focus and creativity, making it suitable for creative tasks or social interactions. As the high progresses, it provides deep physical relaxation, easing aches and pains. With its high THC content of 28-32%, Super Boof is effective for managing chronic stress, fibromyalgia, gastrointestinal issues, mood swings, and chronic pain.","Super Boof, a balanced hybrid, blends sweet cherry berry and sour citrus flavors. With high THC potency, it offers a stimulating yet relaxing experience, easing stress and pain.",Hybrid,28.0,0.0,"Giggly, Euphoric, Tingly","Anxiety, Depression, Stress"
Sweet Zkittlez,Strain,50,300,47,0,Sold out,"Sweet Zkittlez® (SWS84) is an indica-dominant hybrid resulting from crossing an elite Zkittlez clone with Grape Ape. Its resin-soaked flowers offer a relaxing and stress-relieving experience, while also providing a stimulating effect on the mind and encouraging engaging conversations often associated with sativa strains. \n\n Experience the enticing aroma and delightful sweetness of Zkittlez flowers. With a high terpene content, they offer an exquisite taste reminiscent of fruit-flavored candies. Notes of hardwood, lemon, cypress, and subtle aromatic peppers add depth to the flavor profile, providing a multi-dimensional sensory experience that is sure to captivate and leave a lasting impression. \n\n The flowers of Zkittlez have a high terpene content, providing an exquisite aroma and a sweet taste reminiscent of fruit-flavored candies. With hints of hardwood, lemon, cypress, and subtle aromatic peppers, Zkittlez delivers a sensory experience that captivates the senses and leaves a lasting impression.",Sweet Zkittlez® (SWS84) is an indica-dominant hybrid resulting from crossing an elite Zkittlez clone with Grape Ape. Its resin-soaked flowers offer a relaxing and stress-relieving experience.,Indica 60%,22.0,0.0,"Giggly, Uplifted, Happy","Depression, Fatigue, Stress"
Tangerine Dream,Strain,200,400,25.5,0,Sold out,"Tangerine Dream is a sativa-dominant strain renowned for its multifaceted effects that can potentially alleviate pain and provide a boost of energy. This remarkable strain, developed by the esteemed Barney's Farm, is the result of crossing G13, Afghani, and Neville's A5 Haze. With a primary focus on meeting the therapeutic needs of medical patients, Tangerine Dream has been meticulously bred to offer a well-rounded experience. However, it's worth noting that overconsumption of this strain may lead to a sedating couch-lock effect, making it best suited for those seeking deep relaxation. \n\n One of the standout qualities of Tangerine Dream is its ability to uplift the spirit and induce a euphoric state of mind. Alongside its mental invigoration, this strain also excels at providing physical relaxation, making it a popular choice for those looking to unwind and relieve muscle tension. The captivating citrusy aroma of Tangerine Dream further enhances the overall sensory experience, leaving a delightful impression on the senses. \n\n In terms of cultivation, Tangerine Dream typically undergoes a flowering period of 8 to 10 weeks, allowing growers to anticipate the development of its resinous buds. The vibrant combination of genetics in this strain contributes to its unique profile, offering a harmonious blend of fruity flavors and earthy undertones. Whether seeking a rejuvenating boost or therapeutic relief, Tangerine Dream stands as a testament to the incredible potential of cannabis breeding, consistently delivering a satisfying and aromatic journey for enthusiasts and medical users alike.",Tangerine Dream is a sativa-dominant strain renowned for its multifaceted effects that can potentially alleviate pain and provide a boost of energy.,Hybrid,20.0,0.0,"Energetic, Uplifted, Happy","Stress, Pain, Depression"
The Queen S1,Strain,50,250,249.9,0,Sold out,"The Queen S1 is a masterpiece crafted by Copy Cat Genetics, known for its unparalleled frostiness and potency. The strain’s lineage remains a well-guarded secret, adding to its allure and mystique. Bred through a meticulous process of phenotype hunting and reversing, The Queen S1 captures the essence of the ultimate keeper pheno. Its dense, frosty buds are a visual marvel, showcasing monster yields that appeal to even the most discerning cannabis connoisseurs. The Queen S1 is a true powerhouse, offering a robust combination of OG Fuel, Pure Gas, OG Funk, and Pinesol flavors that create a rich and complex smoking experience. \n\n With an astonishing THC content ranging from 30% to 45% and total cannabinoids exceeding 49%, The Queen S1 delivers a potent, mind-altering high that is not for the faint of heart. A touch of CBN further enhances its effects, making this strain an excellent choice for those seeking deep relaxation and mental clarity. The Queen S1’s terpene profile is equally impressive, featuring notes of vanilla bean, musk, earth, and funk, which add to its overall depth and complexity. Whether you're looking to unwind after a long day or seeking a strain with powerful therapeutic benefits, The Queen S1 is sure to deliver. \n\n Beyond its potency, The Queen S1 is also a grower’s dream. It offers medium to large yields with a 2x stretch during flowering and a relatively short flowering time of 49-56 days. This strain's vigor and resilience make it a rewarding choice for both novice and experienced cultivators. Its bag appeal is undeniable, with frosty buds that command attention and promise an unforgettable experience. The Queen S1 stands as a testament to the artistry of cannabis breeding, earning its place as a reigning favorite among those who appreciate top-tier genetics.","The Queen S1: a potent, frosty strain with 30-45% THC, boasting flavors of vanilla, musk, and OG funk. Quick flowering and high yields.",Indica 60%,35.0,0.0,"Relaxed, Giggly, Aroused","Anxiety, Depression, Stress"
Wedding Cake,Strain,50,300,0,0,Sold out,"Wedding Cake, also known as Pink THC Cookies, is a captivating hybrid strain with dominant indica genetics. Its lineage is a combination of Triangle Kush and Animal Mints, resulting in an exceptional aroma of sweetness and a flavor that blends the best of THC Cookies and cherry pie. \n\n This strain acts as both a calming agent and an appetite stimulator, making it particularly beneficial for patients dealing with depression-associated syndromes, fibromyalgia, multiple sclerosis (MS), and related symptoms. \n\n While it may have sedative properties, it effectively soothes nerves and helps manage anxiety-related symptoms. It's worth noting that dry eyes and mouth are common side effects, while maintaining focus and energy levels remains relatively unaffected. Grown indoors, Wedding Cake boasts a THC level of 25-27%. Its appearance is reminiscent of pine trees, characterized by dense and frosty dark green leaves. The buds are adorned with vibrant orange hairs, contributing to its overall appeal. Renowned for its sugary taste and high potency, Wedding Cake has become a favorite among cannabis enthusiasts.","Wedding Cake, also known as Pink THC Cookies, is a captivating hybrid strain with dominant indica genetics. Its lineage is a combination of Triangle Kush and Animal Mints.",Indica 60%,26.0,0.0,"Relaxed, Aroused, Hungry","Stress, Depression, Anxiety"
White Runtz,Strain,50,300,0,0,Sold out,"White Runtz is a highly potent hybrid marijuana strain, resulting from the crossbreeding of Gelato and Zkittlez. Its strong effects are long-lasting, and leave you feeling relaxed and tingly. \n\n White Runtz is famous for its sweet taste that tingles your senses with every puff. The strain's buds are distinctively white, resembling a snowy landscape, due to the abundance of trichomes. \n\n White Runtz is a popular choice among medical marijuana patients who use it to alleviate chronic pain, stress, and anxiety.","White Runtz is a highly potent hybrid marijuana strain, resulting from the crossbreeding of Gelato and Zkittlez. Its strong effects are long-lasting, and leave you feeling relaxed and tingly.",Hybrid,24.0,0.0,"Tingly, Relaxed, Euphoric",undefined
White Widow,Strain,200,500,120.2,0,Sold out,"White Widow is undeniably one of the most renowned strains globally, originating from the Netherlands and meticulously bred by Green House Seeds. \n\n This well-balanced hybrid is the result of crossing a Brazilian sativa landrace with a resin-rich South Indian indica. \n\n Since its inception in the 1990s, White Widow has become a staple on the menu of Dutch coffee shops. Its distinctive buds are adorned with a glistening layer of crystal resin, serving as a forewarning of its potent effects. Upon consumption, a surge of euphoria and energy quickly takes hold, invigorating both conversation and creativity. The genetic legacy of White Widow has paved the way for other legendary strains like White Russian, White Rhino, and Blue Widow.","White Widow is undeniably one of the most renowned strains globally, originating from the Netherlands and meticulously bred by Green House Seeds.",Hybrid,15.0,0.0,"Energetic, Talkative, Creative","Stress, Anxiety, Pain"
Bruce Banner,Strain,200,300,24.58,0,Sold out,"Bruce Banner is a highly sought-after hybrid strain known for its powerful effects and high THC content. With its origins traced back to a cross between OG Kush and Strawberry Diesel, Bruce Banner offers a unique blend of sweet and diesel-like flavors with earthy undertones. Its dense, sticky buds are known for their bright green color and orange hairs, often coated in a thick layer of trichomes. \n\n The effects of Bruce Banner are fast-acting and intense, providing a powerful burst of euphoria and creativity followed by deep relaxation and a mellow body buzz. Its high THC levels, which can range between 18-29%, make it a popular choice among experienced cannabis consumers seeking potent and long-lasting effects. It's important to note that the strain's high can be overwhelming for some, so beginners are advised to start with a lower dosage. \n\n Bruce Banner is also a popular strain among growers due to its fast flowering time of 8-10 weeks and high yields. It is known to produce three main phenotypes, one of which is Bruce Banner #3, which has gained a reputation as the most potent and flavorful of the three. Overall, Bruce Banner is a strain that offers a unique blend of flavors and effects that has earned it a place among the most popular hybrid strains on the market today.",Bruce Banner is a highly sought-after hybrid strain known for its powerful effects and high THC content.,Hybrid,21.0,0.0,"Creative, Energetic, Euphoric","Stress, Depression, Pain"
Banana Daddy,Strain,50,300,0,0,Sold out,"With Banana Daddy, Ethos Genetics has successfully combined two fruity strains, Granddaddy Purp and Banana Hammock R1, to create an exceptional cannabis strain. The result is a visually stunning plant with large, dense, and dark purple buds that emit a delightful aroma of bubblegum and gas. \n\n Despite its high THC content, Banana Daddy provides a mellow, giggly high that is perfect for unwinding in the evening. This strain's relaxing effects are ideal for socializing and having fun with friends. \n\n If you're a fan of fruity strains and looking for a new strain to add to your collection, Banana Daddy is definitely worth trying. This strain is sure to impress with its unique terpene profile and relaxing effects. So, grab some Banana Daddy and enjoy a mellow evening with friends.","With Banana Daddy, Ethos Genetics has successfully combined two fruity strains.",Hybrid,30.0,0.0,"Happy, Talktative, Relaxed",undefined
CBD Auto tune,Strain,34,200,147.4,0,Sold out,"Introducing CBD Auto Tune, a therapeutic marvel cultivated with care in the heart of Thailand. Boasting a significant CBD content of 15%, this indoor-grown strain is a beacon of medical cannabis excellence. Born from the esteemed lineage of 'Auto Tsunami' and 'Auto Pivot', CBD Auto Tune emerges as a true testament to precision breeding. Cultivated in the unique climate of Thailand, this strain thrives under carefully controlled indoor conditions, ensuring optimal growth and cannabinoid development. The result is a CBD-rich haven, tailored to meet the medicinal needs of discerning users. \n\n CBD Auto Tune invites you into a world of therapeutic bliss with its Terpinolene-dominant terpene profile. Immerse yourself in the sweet and musky symphony that accompanies each inhalation, offering a sensory experience that transcends the ordinary. The gentle dance of terpenes enhances the overall therapeutic potential of this strain, making it a harmonious choice for those seeking relief. \n\n Whether you're a medical cannabis patient or a connoisseur in search of a calming companion, CBD Auto Tune is a beacon of tranquility, grown with precision in the vibrant landscapes of Thailand. Elevate your experience with a strain designed to soothe both body and mind.","CBD Auto Tune, with 15% CBD, is a therapeutic strain from Thailand. This Auto Tsunami x Auto Pivot cross offers a sweet, musky flavor and soothing relief for medical needs.",Hybrid,0.0,15.0,"Relaxed, Uplifted, Sleepy","Stress, Pain, Depression"
Moonrock,Strain,20,250,1,0,Sold out,,,,30.0,0.0,,
Ashtray,Gadget,20,100,1,0,Sold out,,,,,,,
Bambou Pipe,Gadget,40,150,20,2,In stock,,,,,,,
Bong Toppuff,Gadget,100,400,27,0,Sold out,,,,,,,
Ceramic Pot,Gadget,50,150,1,0,Sold out,,,,,,,
Cones paper,Gadget,20,50,20,17,In stock,,,,,,,
Glass Filter,Gadget,30,100,3,0,Sold out,,,,,,,
Glass Pipe,Gadget,70,200,11,0,Sold out,,,,,,,
Gravity Bong,Gadget,650,1500,2,0,Sold out,,,,,,,
Lighter Bong,Gadget,40,50,16,0,Sold out,,,,,,,
Metal Grinder 2 layer,Gadget,50,200,317,0,Sold out,"The perfect tool for herb enthusiasts. With its compact size of 50x17mm and two layers, this grinder offers convenience and efficiency. Crafted from high-quality metal, it guarantees durability and longevity. Say goodbye to manual grinding and embrace the effortless process provided by this sleek and reliable tool.","The perfect tool for herb enthusiasts. With its compact size of 50x17mm and two layers, this grinder offers convenience and efficiency. Crafted from high-quality metal, it guarantees durability and longevity. Say goodbye to manual grinding and embrace the effortless process provided by this sleek and reliable tool.",,,,,
Necklace,Gadget,50,150,1,0,Sold out,,,,,,,
RAW Paper,Gadget,50,100,48,0,Sold out,,,,,,,
RAW Tips,Gadget,25,50,10,0,Sold out,,,,,,,
Rolling Tray,Gadget,50,130,10,2,In stock,,,,,,,
Silicone Bong,Gadget,100,400,1,0,Sold out,,,,,,,
Silicone Pipe,Gadget,50,200,30,0,Sold out,,,,,,,
SlimJim Carbon Filter,Gadget,31,150,70,5,In stock,,,,,,,
SlimJim Hemp Rolls,Gadget,50,150,35,5,In stock,,,,,,,
SlimJim Small Paper,Gadget,25,50,70,11,In stock,,,,,,,
SlimJim Tips,Gadget,25,50,25,4,In stock,,,,,,,
Stickers,Gadget,5,20,69,0,Sold out,,,,,,,
T-shirt GG,Gadget,350,500,1,0,Sold out,,,,,,,
Wood Grinder,Gadget,200,450,12,0,Sold out,"The perfect combination of functionality and style with our Wood Grinder. Measuring 68x28mm, this 2-layer grinder is compact yet efficient. Its durable wooden construction ensures longevity, while the sharp teeth effortlessly grind your herbs to perfection. Experience convenience and enjoy the natural beauty of wood with this essential tool for herb enthusiasts.","The perfect combination of functionality and style with our Wood Grinder. Measuring 68x28mm, this 2-layer grinder is compact yet efficient. Its durable wooden construction ensures longevity, while the sharp teeth effortlessly grind your herbs to perfection. Experience convenience and enjoy the natural beauty of wood with this essential tool for herb enthusiasts.",,,,,
THC Honey Stick,Edible,35,100,303,0,Sold out,"Discover a delightful twist to your cannabis experience with our THC Honey Sticks, available in three enticing flavors: Lemon Hybrid, Cinnamon Indica, and Peppermint Sativa. Each honey stick is infused with 20mg of high-quality THC, making them a versatile and convenient option for both new and seasoned cannabis enthusiasts. \n\n The Lemon Hybrid flavor delivers a balanced experience, combining the best of both worlds to elevate your mood and boost creativity. Cinnamon Indica offers a rich, soothing taste perfect for unwinding after a long day or preparing for a restful night. Meanwhile, the Peppermint Sativa provides a refreshing burst that invigorates the senses and enhances focus, making it an excellent choice for daytime use. \n\n These THC-infused honey sticks are a delicious and discreet way to consume cannabis. Add them to your favorite drinks, drizzle them over snacks, or enjoy them straight out of the package. Crafted with natural honey and infused with premium cannabis extracts, our honey sticks are designed to deliver a consistent dosage and a delightful flavor profile with every use. Whether you're seeking relaxation, rejuvenation, or a creative spark, our THC Honey Sticks offer a convenient and enjoyable way to incorporate cannabis into your daily routine.","Enjoy THC Honey Sticks in Lemon Hybrid, Cinnamon Indica, and Peppermint Sativa. Infused with 20mg THC, these delicious flavors elevate your cannabis experience.",Indica 60%,20.0,0.0,"Happy, Relaxed, Sleepy",
THC Muffin,Edible,150,400,65,0,Sold out,"Indulge in the ultimate cannabis treat with our THC Muffin, crafted using an exclusive blend of premium Exotic Genetix weed strains. Each muffin is infused with a potent 150 mg of THC, delivering a powerful and enjoyable experience tailored to seasoned enthusiasts. With a rich chocolate taste, this muffin offers the perfect balance of decadent flavor and euphoric effects. \n\n The THC Muffin isn’t just about indulgence—it’s an adventure. The blend of Exotic Genetix strains ensures a complex profile of cannabinoids and terpenes, enhancing the overall experience. The muffin delivers a gradual onset of effects, starting with a cerebral buzz that uplifts your mood and sparks creativity. As the high deepens, you’ll notice a calming wave of relaxation enveloping your body, making it ideal for unwinding after a long day or elevating social moments. \n\n Perfect for recreational use and therapeutic relief, this muffin can help alleviate symptoms of chronic pain, stress, and anxiety. It’s also a great choice for those battling insomnia, as the relaxing properties may ease you into a restful sleep. Convenient, discreet, and irresistibly tasty, the THC Muffin is the perfect blend of flavor and potency.","Experience indulgence with our THC Muffin: 150 mg of premium Exotic Genetix strains, rich chocolate taste, uplifting effects, and relaxing relief in every bite.",Indica 60%,150.0,0.0,"Uplifted, Relaxed, Creative",
THC Nano Gummies,Edible,20,250,0,0,Sold out,"Dive into a world of sour-sweet delight with Nano Sourz Sour Atch Kids, the ultimate treat for cannabis enthusiasts seeking a mild, controlled experience. Each pack contains 5 carefully crafted gummies, infused with advanced nano-emulsion technology for fast-acting effects and maximum bioavailability. These hybrid-dominant gummies are designed to offer a balanced blend of uplifting euphoria and soothing relaxation, perfect for any time of day. \n\n With just 0.2% THC per piece, Nano Sourz Sour Atch Kids provide a subtle yet satisfying experience, making them an excellent choice for beginners or anyone looking to microdose. The sour coating adds a tangy burst of flavor that complements the fruity sweetness, creating a taste sensation you'll crave. \n\n Crafted with precision, these gummies ensure consistent dosing and rapid onset, thanks to the nano-infusion process that enhances THC absorption. Whether you're seeking creative inspiration, a gentle lift in mood, or a way to unwind after a long day, these hybrid-dominant treats are your go-to option. Indulge in a discreet and delicious cannabis experience with Nano Sourz Sour Atch Kids. Perfect for on-the-go enjoyment or a laid-back evening, they combine great taste with cutting-edge innovation. Elevate your snacking game today and discover why these gummies are a fan favorite!","Enjoy Nano Sourz Sour Atch Kids! 5 nano-infused gummies, 0.2% THC each. Hybrid-dominant for balanced effects. Fast-acting, discreet, and irresistibly tangy!",Indica 60%,100.0,0.0,"Creative, Happy, Euphoric",
THC Pretzels,Edible,50,200,34,0,Sold out,"Satisfy your cravings with Chubby Twists, our delectable THC-infused chocolate-covered pretzels. Each pack of Chubby Twists contains 6 pretzels, each loaded with 5mg of premium THC for a total of 30mg per package. These bite-sized delights combine the perfect balance of salty, crunchy pretzels with a rich, creamy chocolate coating, delivering a unique snack experience that will elevate your taste buds and your mood. \n\n Perfect for microdosing throughout the day or enjoying a satisfying treat in one go, Chubby Twists offer a gentle and enjoyable high without overpowering your senses. Whether you\'re looking for a sweet and salty snack to pair with your favorite drink, a discreet edible for a casual outing, or just a little something to unwind with after a long day, Chubby Twists have got you covered. Each pretzel is carefully crafted to deliver a consistent, mild dose of THC, making them ideal for both newcomers and experienced cannabis consumers alike. Enjoy the fun, flavor, and relaxation that come with every twist!","Indulge in Chubby Twists THC Pretzels – chocolate-covered, medicated delights with 30mg of THC (6 x 5mg). Perfect for a balanced, tasty high!",Indica 60%,30.0,0.0,"Creative, Happy, Euphoric",
THC Stroopwafel,Edible,110,250,30,0,Sold out,"Treat yourself to a decadent delight with our Double Dutch THC Stroopwafels, a delicious twist on a classic Dutch treat. Each stroopwafel is infused with 30mg of premium THC, perfectly balanced to provide a gentle and relaxing high that can enhance any moment. Our Double Dutch stroopwafels are crafted with two thin, crispy waffles sandwiching a gooey caramel syrup filling, then dipped in rich, velvety chocolate for an extra layer of indulgence. \n\n Whether you\'re looking to elevate your coffee break, enjoy a relaxing evening snack, or add a sweet touch to your social gatherings, Double Dutch THC stroopwafels offer a unique blend of flavors and a satisfying texture. Ideal for both cannabis enthusiasts and those new to edibles, each bite offers a sweet and smooth sensation, coupled with a mild yet uplifting high. Experience the perfect harmony of caramel, chocolate, and cannabis in every bite. Elevate your taste buds and your mood with Double Dutch – the stroopwafel reimagined for the modern cannabis lover!",Enjoy our Double Dutch THC Stroopwafels – a delicious chocolate-dipped treat with 30mg of THC. Perfect for a relaxing snack or to elevate any moment!,Indica 60%,30.0,0.0,"Creative, Happy, Euphoric",
CBD Honey Stick,Edible,35,100,0,0,Sold out,"Experience the calming and therapeutic benefits of our CBD Honey Stick, made with all-natural honey flavor and infused with 40mg of premium CBD. This delightful treat offers a sweet, rich flavor that complements your favorite beverages or snacks. The natural honey provides a smooth, comforting sweetness, perfect for those looking for a holistic addition to their daily routine. Each stick is carefully crafted to deliver consistent dosing, making it an ideal choice for microdosing or managing your wellness on the go. \n\n Whether you’re starting your day with a touch of calm or winding down in the evening, our CBD Honey Stick offers a convenient, delicious way to enjoy the benefits of CBD. Free of artificial flavors, our sticks are the purest way to enhance your relaxation and focus while indulging in a naturally sweet treat. Add it to tea, drizzle over toast, or enjoy it straight from the stick — your path to tranquility starts here.","Enjoy the natural sweetness of CBD with our 40mg CBD Honey Stick. All-natural honey flavor, perfect for relaxation and wellness. Shop now for a calming treat!",Indica 60%,0.0,40.0,"Happy, Relaxed, Sleepy",
Fluffy Candy,Edible,70,180,25,0,Sold out,,,,15.0,0.0,"Uplifted, Relaxed, Creative",
Café,Drink,15,50,50,0,Sold out,,,,,,,
Caramel Macchiato,Drink,20,50,1,0,Sold out,,,,,,,
Bubble Hash,Concentrate,100,1000,5.5,0,Sold out,"Dive into the enchanting realm of cannabis with Bubble Hash, boasting a remarkable 60% THC concentration. Meticulously crafted, this exceptional concoction combines top-tier ingredients, resulting in a harmonious blend of pure bliss. Created from the finest cannabis trichomes, Bubble Hash delivers an elevated experience like no other, available exclusively at Green Ghost, your trusted source for exceptional cannabis products.","Dive into the enchanting realm of cannabis with Bubble Hash, boasting a remarkable 60% THC concentration. Meticulously crafted, this exceptional concoction combines top-tier ingredients, resulting in a harmonious blend of pure bliss. Created from the finest cannabis trichomes, Bubble Hash delivers an elevated experience like no other, available exclusively at Green Ghost, your trusted source for exceptional cannabis products.",Indica 60%,60.0,0.0,,
Dry Sift Hash,Concentrate,100,600,48,0,Sold out,"Introducing Dry Sift Hash with an impressive 60% THC concentration, delivering a potent and flavorful experience for cannabis connoisseurs. This premium hash is crafted through a meticulous dry sifting process, where cannabis trichomes are separated from plant material to create a clean, concentrated product. The result is a fine, sandy texture packed with pure cannabinoids and terpenes, offering a robust, long-lasting high. \n\n Known for its rich, earthy aroma with hints of pine and spice, Dry Sift Hash delivers a smooth and enjoyable smoke. Perfect for those looking to enhance their cannabis experience, it can be enjoyed in a pipe, vaporizer, or mixed with flower for an added kick. Whether you're seeking deep relaxation or relief from chronic pain, Dry Sift Hash's high THC content ensures powerful effects that cater to both recreational and medicinal users.","Experience premium Dry Sift Hash with 60% THC. Potent, pure, and packed with cannabinoids for a powerful, long-lasting high. Perfect for seasoned cannabis users.",Indica 60%,60.0,0.0,,
Hash Sativa,Concentrate,50,400,43.5,0,Sold out,,,Sativa 60%,40.0,0.0,,
Hash Tutti Frutti,Concentrate,350,1200,4.5,0,Sold out,,,Indica 60%,40.0,0.0,,
Pollen Hash,Concentrate,100,800,92,0,Sold out,"Experience the ethereal world of cannabis at Green Ghost, your go-to weed shop for Pollen Hash THC with a tantalizing 40% potency. Crafted from the finest ingredients, our concoction blends premium Kief and luscious Oil, creating a hypnotic journey into a higher realm of relaxation and euphoria. Elevate your senses and spirit with this extraordinary fusion, exclusively at Green Ghost.","Experience the ethereal world of cannabis at Green Ghost, your go-to weed shop for Pollen Hash THC with a tantalizing 40% potency. Crafted from the finest ingredients, our concoction blends premium Kief and luscious Oil, creating a hypnotic journey into a higher realm of relaxation and euphoria. Elevate your senses and spirit with this extraordinary fusion, exclusively at Green Ghost.",Indica 60%,40.0,0.0,,
Pure Kief,Concentrate,150,600,7,0,Sold out,"Our kief is a true masterpiece in the world of cannabis. Carefully crafted from a harmonious blend of premium strains, it offers an exquisite balance of flavors and effects that cater to the most discerning cannabis connoisseurs. With an impressive THC content of 60%, it packs a potent punch that delivers a euphoric and uplifting experience. What sets our kief apart is the meticulous 150-micron sieving process, ensuring that only the finest and most potent trichomes are collected. The result? A product that not only boasts exceptional potency but also enhances the flavor profiles of your favorite strains. Whether you're a seasoned enthusiast or new to kief, our product promises a delightful journey into the world of high-quality cannabis.","Our kief is a true masterpiece in the world of cannabis. Carefully crafted from a harmonious blend of premium strains, it offers an exquisite balance of flavors and effects that cater to the most discerning cannabis connoisseurs. With an impressive THC content of 60%, it packs a potent punch that delivers a euphoric and uplifting experience.",Indica 60%,60.0,0.0,,
Super Dry Hash,Concentrate,100,600,153.79,0,Sold out,"Super Dry Hash is a premium dry sift hash that delivers an unparalleled experience for cannabis enthusiasts seeking potent and clean concentrates. Crafted through a meticulous dry sifting process, this hash achieves a super-dry texture while preserving the highest quality of cannabinoids and terpenes. With an impressive THC content of 60%, Super Dry Hash offers a powerful punch that is sure to satisfy even the most seasoned users. \n\n The texture of this hash is crumbly and easy to work with, making it an ideal choice for sprinkling into joints, topping off bowls, or using in a hash-specific vaporizer. Its aroma is rich and earthy, with hints of pine and spice that evoke the natural essence of premium cannabis flowers. Upon consumption, expect a smooth and flavorful experience that highlights the robust terpene profile. \n\n Super Dry Hash is celebrated for its intense effects, starting with an uplifting cerebral buzz that transitions into a deeply relaxing body high. It’s perfect for moments of creative inspiration or winding down after a long day. Medical cannabis users may find relief from chronic pain, stress, and insomnia thanks to its potent properties.","Super Dry Hash: A premium dry sift hash with 60% THC, offering intense effects, earthy flavors, and a versatile, super-dry texture perfect for any session.",Indica 60%,60.0,0.0,,