
> greenghost@0.1.0 dev /app
> next dev --port 3001

   ▲ Next.js 15.5.7
   - Local:        http://localhost:3001
   - Network:      http://192.168.0.2:3001
   - Experiments (use with caution):
     · cpus: 1

 ✓ Starting...
 ✓ Ready in 3s
 ✓ Compiled /middleware in 475ms (180 modules)
 ○ Compiling /[lang]/menu/buds ...
 ✓ Compiled /[lang]/menu/buds in 16.4s (9333 modules)
[Firebase Admin] Initializing... {
  appsLength: 0,
  nodeEnv: 'development',
  hasClientEmail: false,
  hasPrivateKey: false
}
[Products] products.ts loaded
[Firebase Admin] Initializing... {
  appsLength: 0,
  nodeEnv: 'development',
  hasClientEmail: false,
  hasPrivateKey: false
}
[Products] products.ts loaded
Firestore fetching error (pages): Error: Could not load the default credentials. Browse to https://cloud.google.com/docs/authentication/getting-started for more information.
    at eval (src/lib/firestore.ts:72:59)
    at BudsPage (src/app/[lang]/menu/buds/page.tsx:33:38)
  70 |       // The doc ID in Firestore is a slugified version of title_en
  71 |       const docId = pageTitle.toLowerCase().replace(/[^a-z0-9]+/g, '-').replace(/^-+|-+$/g, '');
> 72 |       const doc = await db.collection("pages").doc(docId).get();
     |                                                           ^
  73 |       if (doc.exists) {
  74 |         return doc.data() as PageData;
  75 |       }
Firestore fetching error (locations): Error: Could not load the default credentials. Browse to https://cloud.google.com/docs/authentication/getting-started for more information.
    at getAllFromCollection (src/lib/firestore.ts:59:58)
    at eval (src/lib/firestore.ts:152:22)
    at getOrganizationData (src/lib/organization-data.ts:9:42)
    at RootLayout (src/app/[lang]/layout.tsx:182:53)
  57 | async function getAllFromCollection<T extends FirebaseFirestore.DocumentData>(collectionName: string): Promise<T[]> {
  58 |   try {
> 59 |     const snapshot = await db.collection(collectionName).get();
     |                                                          ^
  60 |     return snapshot.docs.map(doc => doc.data() as T);
  61 |   } catch (error) {
  62 |     console.error(`Firestore fetching error (${collectionName}):`, error);
Firestore fetching error (products): Error: Could not load the default credentials. Browse to https://cloud.google.com/docs/authentication/getting-started for more information.
    at getAllFromCollection (src/lib/firestore.ts:59:58)
    at eval (src/lib/firestore.ts:336:26)
    at fetchProductsFromFirestore (src/lib/products.ts:9:45)
    at getProducts (src/lib/products.ts:139:22)
    at getFilteredProductsForMenu (src/lib/products.ts:164:29)
    at BudsPage (src/app/[lang]/menu/buds/page.tsx:48:52)
  57 | async function getAllFromCollection<T extends FirebaseFirestore.DocumentData>(collectionName: string): Promise<T[]> {
  58 |   try {
> 59 |     const snapshot = await db.collection(collectionName).get();
     |                                                          ^
  60 |     return snapshot.docs.map(doc => doc.data() as T);
  61 |   } catch (error) {
  62 |     console.error(`Firestore fetching error (${collectionName}):`, error);
[Products] Raw products from Firestore: 0
[Products] Mapped category counts: {}
[Products] Successfully mapped 0 products.
Fetched Products: []
Firestore fetching error (socials): Error: Could not load the default credentials. Browse to https://cloud.google.com/docs/authentication/getting-started for more information.
    at getAllFromCollection (src/lib/firestore.ts:59:58)
    at eval (src/lib/firestore.ts:270:10)
    at RootLayout (src/app/[lang]/layout.tsx:183:39)
  57 | async function getAllFromCollection<T extends FirebaseFirestore.DocumentData>(collectionName: string): Promise<T[]> {
  58 |   try {
> 59 |     const snapshot = await db.collection(collectionName).get();
     |                                                          ^
  60 |     return snapshot.docs.map(doc => doc.data() as T);
  61 |   } catch (error) {
  62 |     console.error(`Firestore fetching error (${collectionName}):`, error);
Firestore fetching error (pages): Error: Could not load the default credentials. Browse to https://cloud.google.com/docs/authentication/getting-started for more information.
    at eval (src/lib/firestore.ts:72:59)
    at eval (src/components/MenuListInline.tsx:23:38)
    at Array.map (<anonymous>)
    at MenuListInline (src/components/MenuListInline.tsx:22:15)
  70 |       // The doc ID in Firestore is a slugified version of title_en
  71 |       const docId = pageTitle.toLowerCase().replace(/[^a-z0-9]+/g, '-').replace(/^-+|-+$/g, '');
> 72 |       const doc = await db.collection("pages").doc(docId).get();
     |                                                           ^
  73 |       if (doc.exists) {
  74 |         return doc.data() as PageData;
  75 |       }
Firestore fetching error (pages): Error: Could not load the default credentials. Browse to https://cloud.google.com/docs/authentication/getting-started for more information.
    at eval (src/lib/firestore.ts:72:59)
    at eval (src/components/MenuListInline.tsx:23:38)
    at Array.map (<anonymous>)
    at MenuListInline (src/components/MenuListInline.tsx:22:15)
  70 |       // The doc ID in Firestore is a slugified version of title_en
  71 |       const docId = pageTitle.toLowerCase().replace(/[^a-z0-9]+/g, '-').replace(/^-+|-+$/g, '');
> 72 |       const doc = await db.collection("pages").doc(docId).get();
     |                                                           ^
  73 |       if (doc.exists) {
  74 |         return doc.data() as PageData;
  75 |       }
Firestore fetching error (pages): Error: Could not load the default credentials. Browse to https://cloud.google.com/docs/authentication/getting-started for more information.
    at eval (src/lib/firestore.ts:72:59)
    at eval (src/components/MenuListInline.tsx:23:38)
    at Array.map (<anonymous>)
    at MenuListInline (src/components/MenuListInline.tsx:22:15)
  70 |       // The doc ID in Firestore is a slugified version of title_en
  71 |       const docId = pageTitle.toLowerCase().replace(/[^a-z0-9]+/g, '-').replace(/^-+|-+$/g, '');
> 72 |       const doc = await db.collection("pages").doc(docId).get();
     |                                                           ^
  73 |       if (doc.exists) {
  74 |         return doc.data() as PageData;
  75 |       }
Firestore fetching error (pages): Error: Could not load the default credentials. Browse to https://cloud.google.com/docs/authentication/getting-started for more information.
    at eval (src/lib/firestore.ts:72:59)
    at eval (src/components/MenuListInline.tsx:23:38)
    at Array.map (<anonymous>)
    at MenuListInline (src/components/MenuListInline.tsx:22:15)
  70 |       // The doc ID in Firestore is a slugified version of title_en
  71 |       const docId = pageTitle.toLowerCase().replace(/[^a-z0-9]+/g, '-').replace(/^-+|-+$/g, '');
> 72 |       const doc = await db.collection("pages").doc(docId).get();
     |                                                           ^
  73 |       if (doc.exists) {
  74 |         return doc.data() as PageData;
  75 |       }
Firestore fetching error (sections): Error: Could not load the default credentials. Browse to https://cloud.google.com/docs/authentication/getting-started for more information.
    at getAllFromCollection (src/lib/firestore.ts:59:58)
    at eval (src/lib/firestore.ts:389:10)
    at RootLayout (src/app/[lang]/layout.tsx:184:41)
  57 | async function getAllFromCollection<T extends FirebaseFirestore.DocumentData>(collectionName: string): Promise<T[]> {
  58 |   try {
> 59 |     const snapshot = await db.collection(collectionName).get();
     |                                                          ^
  60 |     return snapshot.docs.map(doc => doc.data() as T);
  61 |   } catch (error) {
  62 |     console.error(`Firestore fetching error (${collectionName}):`, error);
Firestore fetching error (pages): Error: Could not load the default credentials. Browse to https://cloud.google.com/docs/authentication/getting-started for more information.
    at eval (src/lib/firestore.ts:72:59)
    at eval (src/app/[lang]/layout.tsx:100:42)
    at Array.map (<anonymous>)
    at getMenuItems (src/app/[lang]/layout.tsx:96:20)
    at RootLayout (src/app/[lang]/layout.tsx:200:27)
  70 |       // The doc ID in Firestore is a slugified version of title_en
  71 |       const docId = pageTitle.toLowerCase().replace(/[^a-z0-9]+/g, '-').replace(/^-+|-+$/g, '');
> 72 |       const doc = await db.collection("pages").doc(docId).get();
     |                                                           ^
  73 |       if (doc.exists) {
  74 |         return doc.data() as PageData;
  75 |       }
Firestore fetching error (pages): Error: Could not load the default credentials. Browse to https://cloud.google.com/docs/authentication/getting-started for more information.
    at eval (src/lib/firestore.ts:72:59)
    at eval (src/app/[lang]/layout.tsx:100:42)
    at Array.map (<anonymous>)
    at getMenuItems (src/app/[lang]/layout.tsx:96:20)
    at RootLayout (src/app/[lang]/layout.tsx:200:27)
  70 |       // The doc ID in Firestore is a slugified version of title_en
  71 |       const docId = pageTitle.toLowerCase().replace(/[^a-z0-9]+/g, '-').replace(/^-+|-+$/g, '');
> 72 |       const doc = await db.collection("pages").doc(docId).get();
     |                                                           ^
  73 |       if (doc.exists) {
  74 |         return doc.data() as PageData;
  75 |       }
Firestore fetching error (pages): Error: Could not load the default credentials. Browse to https://cloud.google.com/docs/authentication/getting-started for more information.
    at eval (src/lib/firestore.ts:72:59)
    at eval (src/app/[lang]/layout.tsx:100:42)
    at Array.map (<anonymous>)
    at getMenuItems (src/app/[lang]/layout.tsx:96:20)
    at RootLayout (src/app/[lang]/layout.tsx:200:27)
  70 |       // The doc ID in Firestore is a slugified version of title_en
  71 |       const docId = pageTitle.toLowerCase().replace(/[^a-z0-9]+/g, '-').replace(/^-+|-+$/g, '');
> 72 |       const doc = await db.collection("pages").doc(docId).get();
     |                                                           ^
  73 |       if (doc.exists) {
  74 |         return doc.data() as PageData;
  75 |       }
Firestore fetching error (pages): Error: Could not load the default credentials. Browse to https://cloud.google.com/docs/authentication/getting-started for more information.
    at eval (src/lib/firestore.ts:72:59)
    at eval (src/app/[lang]/layout.tsx:100:42)
    at Array.map (<anonymous>)
    at getMenuItems (src/app/[lang]/layout.tsx:96:20)
    at RootLayout (src/app/[lang]/layout.tsx:200:27)
  70 |       // The doc ID in Firestore is a slugified version of title_en
  71 |       const docId = pageTitle.toLowerCase().replace(/[^a-z0-9]+/g, '-').replace(/^-+|-+$/g, '');
> 72 |       const doc = await db.collection("pages").doc(docId).get();
     |                                                           ^
  73 |       if (doc.exists) {
  74 |         return doc.data() as PageData;
  75 |       }
Firestore fetching error (pages): Error: Could not load the default credentials. Browse to https://cloud.google.com/docs/authentication/getting-started for more information.
    at eval (src/lib/firestore.ts:72:59)
    at eval (src/app/[lang]/layout.tsx:100:42)
    at Array.map (<anonymous>)
    at getMenuItems (src/app/[lang]/layout.tsx:96:20)
    at RootLayout (src/app/[lang]/layout.tsx:200:27)
  70 |       // The doc ID in Firestore is a slugified version of title_en
  71 |       const docId = pageTitle.toLowerCase().replace(/[^a-z0-9]+/g, '-').replace(/^-+|-+$/g, '');
> 72 |       const doc = await db.collection("pages").doc(docId).get();
     |                                                           ^
  73 |       if (doc.exists) {
  74 |         return doc.data() as PageData;
  75 |       }
Firestore fetching error (pages): Error: Could not load the default credentials. Browse to https://cloud.google.com/docs/authentication/getting-started for more information.
    at eval (src/lib/firestore.ts:72:59)
    at eval (src/app/[lang]/layout.tsx:100:42)
    at Array.map (<anonymous>)
    at getMenuItems (src/app/[lang]/layout.tsx:96:20)
    at RootLayout (src/app/[lang]/layout.tsx:200:27)
  70 |       // The doc ID in Firestore is a slugified version of title_en
  71 |       const docId = pageTitle.toLowerCase().replace(/[^a-z0-9]+/g, '-').replace(/^-+|-+$/g, '');
> 72 |       const doc = await db.collection("pages").doc(docId).get();
     |                                                           ^
  73 |       if (doc.exists) {
  74 |         return doc.data() as PageData;
  75 |       }
Firestore fetching error (pages): Error: Could not load the default credentials. Browse to https://cloud.google.com/docs/authentication/getting-started for more information.
    at eval (src/lib/firestore.ts:72:59)
    at eval (src/app/[lang]/layout.tsx:100:42)
    at Array.map (<anonymous>)
    at getMenuItems (src/app/[lang]/layout.tsx:96:20)
    at RootLayout (src/app/[lang]/layout.tsx:200:27)
  70 |       // The doc ID in Firestore is a slugified version of title_en
  71 |       const docId = pageTitle.toLowerCase().replace(/[^a-z0-9]+/g, '-').replace(/^-+|-+$/g, '');
> 72 |       const doc = await db.collection("pages").doc(docId).get();
     |                                                           ^
  73 |       if (doc.exists) {
  74 |         return doc.data() as PageData;
  75 |       }
Firestore fetching error (pages): Error: Could not load the default credentials. Browse to https://cloud.google.com/docs/authentication/getting-started for more information.
    at eval (src/lib/firestore.ts:72:59)
    at eval (src/app/[lang]/layout.tsx:100:42)
    at Array.map (<anonymous>)
    at getMenuItems (src/app/[lang]/layout.tsx:96:20)
    at RootLayout (src/app/[lang]/layout.tsx:200:27)
  70 |       // The doc ID in Firestore is a slugified version of title_en
  71 |       const docId = pageTitle.toLowerCase().replace(/[^a-z0-9]+/g, '-').replace(/^-+|-+$/g, '');
> 72 |       const doc = await db.collection("pages").doc(docId).get();
     |                                                           ^
  73 |       if (doc.exists) {
  74 |         return doc.data() as PageData;
  75 |       }
Firestore fetching error (pages): Error: Could not load the default credentials. Browse to https://cloud.google.com/docs/authentication/getting-started for more information.
    at eval (src/lib/firestore.ts:72:59)
    at eval (src/app/[lang]/layout.tsx:100:42)
    at Array.map (<anonymous>)
    at getMenuItems (src/app/[lang]/layout.tsx:96:20)
    at RootLayout (src/app/[lang]/layout.tsx:200:27)
  70 |       // The doc ID in Firestore is a slugified version of title_en
  71 |       const docId = pageTitle.toLowerCase().replace(/[^a-z0-9]+/g, '-').replace(/^-+|-+$/g, '');
> 72 |       const doc = await db.collection("pages").doc(docId).get();
     |                                                           ^
  73 |       if (doc.exists) {
  74 |         return doc.data() as PageData;
  75 |       }
Firestore fetching error (pages): Error: Could not load the default credentials. Browse to https://cloud.google.com/docs/authentication/getting-started for more information.
    at eval (src/lib/firestore.ts:72:59)
    at eval (src/app/[lang]/layout.tsx:100:42)
    at Array.map (<anonymous>)
    at getMenuItems (src/app/[lang]/layout.tsx:96:20)
    at RootLayout (src/app/[lang]/layout.tsx:200:27)
  70 |       // The doc ID in Firestore is a slugified version of title_en
  71 |       const docId = pageTitle.toLowerCase().replace(/[^a-z0-9]+/g, '-').replace(/^-+|-+$/g, '');
> 72 |       const doc = await db.collection("pages").doc(docId).get();
     |                                                           ^
  73 |       if (doc.exists) {
  74 |         return doc.data() as PageData;
  75 |       }
Firestore fetching error (pages): Error: Could not load the default credentials. Browse to https://cloud.google.com/docs/authentication/getting-started for more information.
    at eval (src/lib/firestore.ts:72:59)
    at eval (src/app/[lang]/layout.tsx:100:42)
    at Array.map (<anonymous>)
    at getMenuItems (src/app/[lang]/layout.tsx:96:20)
    at RootLayout (src/app/[lang]/layout.tsx:200:27)
  70 |       // The doc ID in Firestore is a slugified version of title_en
  71 |       const docId = pageTitle.toLowerCase().replace(/[^a-z0-9]+/g, '-').replace(/^-+|-+$/g, '');
> 72 |       const doc = await db.collection("pages").doc(docId).get();
     |                                                           ^
  73 |       if (doc.exists) {
  74 |         return doc.data() as PageData;
  75 |       }
Firestore fetching error (pages): Error: Could not load the default credentials. Browse to https://cloud.google.com/docs/authentication/getting-started for more information.
    at eval (src/lib/firestore.ts:72:59)
    at eval (src/app/[lang]/layout.tsx:100:42)
    at Array.map (<anonymous>)
    at getMenuItems (src/app/[lang]/layout.tsx:96:20)
    at RootLayout (src/app/[lang]/layout.tsx:200:27)
  70 |       // The doc ID in Firestore is a slugified version of title_en
  71 |       const docId = pageTitle.toLowerCase().replace(/[^a-z0-9]+/g, '-').replace(/^-+|-+$/g, '');
> 72 |       const doc = await db.collection("pages").doc(docId).get();
     |                                                           ^
  73 |       if (doc.exists) {
  74 |         return doc.data() as PageData;
  75 |       }
 GET /menu/buds 200 in 59406ms
[Firebase Admin] Initializing... {
  appsLength: 0,
  nodeEnv: 'development',
  hasClientEmail: false,
  hasPrivateKey: false
}
[Products] products.ts loaded
Firestore fetching error (locations): Error: Could not load the default credentials. Browse to https://cloud.google.com/docs/authentication/getting-started for more information.
    at getAllFromCollection (src/lib/firestore.ts:59:58)
    at eval (src/lib/firestore.ts:152:22)
    at getOrganizationData (src/lib/organization-data.ts:9:42)
    at RootLayout (src/app/[lang]/layout.tsx:182:53)
  57 | async function getAllFromCollection<T extends FirebaseFirestore.DocumentData>(collectionName: string): Promise<T[]> {
  58 |   try {
> 59 |     const snapshot = await db.collection(collectionName).get();
     |                                                          ^
  60 |     return snapshot.docs.map(doc => doc.data() as T);
  61 |   } catch (error) {
  62 |     console.error(`Firestore fetching error (${collectionName}):`, error);
Firestore fetching error (pages): Error: Could not load the default credentials. Browse to https://cloud.google.com/docs/authentication/getting-started for more information.
    at eval (src/lib/firestore.ts:72:59)
    at BudsPage (src/app/[lang]/menu/buds/page.tsx:33:38)
  70 |       // The doc ID in Firestore is a slugified version of title_en
  71 |       const docId = pageTitle.toLowerCase().replace(/[^a-z0-9]+/g, '-').replace(/^-+|-+$/g, '');
> 72 |       const doc = await db.collection("pages").doc(docId).get();
     |                                                           ^
  73 |       if (doc.exists) {
  74 |         return doc.data() as PageData;
  75 |       }
Firestore fetching error (socials): Error: Could not load the default credentials. Browse to https://cloud.google.com/docs/authentication/getting-started for more information.
    at getAllFromCollection (src/lib/firestore.ts:59:58)
    at eval (src/lib/firestore.ts:270:10)
    at RootLayout (src/app/[lang]/layout.tsx:183:39)
  57 | async function getAllFromCollection<T extends FirebaseFirestore.DocumentData>(collectionName: string): Promise<T[]> {
  58 |   try {
> 59 |     const snapshot = await db.collection(collectionName).get();
     |                                                          ^
  60 |     return snapshot.docs.map(doc => doc.data() as T);
  61 |   } catch (error) {
  62 |     console.error(`Firestore fetching error (${collectionName}):`, error);
Firestore fetching error (products): Error: Could not load the default credentials. Browse to https://cloud.google.com/docs/authentication/getting-started for more information.
    at getAllFromCollection (src/lib/firestore.ts:59:58)
    at eval (src/lib/firestore.ts:336:26)
    at fetchProductsFromFirestore (src/lib/products.ts:9:45)
    at getProducts (src/lib/products.ts:139:22)
    at getFilteredProductsForMenu (src/lib/products.ts:164:29)
    at BudsPage (src/app/[lang]/menu/buds/page.tsx:48:52)
  57 | async function getAllFromCollection<T extends FirebaseFirestore.DocumentData>(collectionName: string): Promise<T[]> {
  58 |   try {
> 59 |     const snapshot = await db.collection(collectionName).get();
     |                                                          ^
  60 |     return snapshot.docs.map(doc => doc.data() as T);
  61 |   } catch (error) {
  62 |     console.error(`Firestore fetching error (${collectionName}):`, error);
[Products] Raw products from Firestore: 0
[Products] Mapped category counts: {}
[Products] Successfully mapped 0 products.
Fetched Products: []
Firestore fetching error (pages): Error: Could not load the default credentials. Browse to https://cloud.google.com/docs/authentication/getting-started for more information.
    at eval (src/lib/firestore.ts:72:59)
    at eval (src/components/MenuListInline.tsx:23:38)
    at Array.map (<anonymous>)
    at MenuListInline (src/components/MenuListInline.tsx:22:15)
  70 |       // The doc ID in Firestore is a slugified version of title_en
  71 |       const docId = pageTitle.toLowerCase().replace(/[^a-z0-9]+/g, '-').replace(/^-+|-+$/g, '');
> 72 |       const doc = await db.collection("pages").doc(docId).get();
     |                                                           ^
  73 |       if (doc.exists) {
  74 |         return doc.data() as PageData;
  75 |       }
Firestore fetching error (pages): Error: Could not load the default credentials. Browse to https://cloud.google.com/docs/authentication/getting-started for more information.
    at eval (src/lib/firestore.ts:72:59)
    at eval (src/components/MenuListInline.tsx:23:38)
    at Array.map (<anonymous>)
    at MenuListInline (src/components/MenuListInline.tsx:22:15)
  70 |       // The doc ID in Firestore is a slugified version of title_en
  71 |       const docId = pageTitle.toLowerCase().replace(/[^a-z0-9]+/g, '-').replace(/^-+|-+$/g, '');
> 72 |       const doc = await db.collection("pages").doc(docId).get();
     |                                                           ^
  73 |       if (doc.exists) {
  74 |         return doc.data() as PageData;
  75 |       }
Firestore fetching error (pages): Error: Could not load the default credentials. Browse to https://cloud.google.com/docs/authentication/getting-started for more information.
    at eval (src/lib/firestore.ts:72:59)
    at eval (src/components/MenuListInline.tsx:23:38)
    at Array.map (<anonymous>)
    at MenuListInline (src/components/MenuListInline.tsx:22:15)
  70 |       // The doc ID in Firestore is a slugified version of title_en
  71 |       const docId = pageTitle.toLowerCase().replace(/[^a-z0-9]+/g, '-').replace(/^-+|-+$/g, '');
> 72 |       const doc = await db.collection("pages").doc(docId).get();
     |                                                           ^
  73 |       if (doc.exists) {
  74 |         return doc.data() as PageData;
  75 |       }
Firestore fetching error (pages): Error: Could not load the default credentials. Browse to https://cloud.google.com/docs/authentication/getting-started for more information.
    at eval (src/lib/firestore.ts:72:59)
    at eval (src/components/MenuListInline.tsx:23:38)
    at Array.map (<anonymous>)
    at MenuListInline (src/components/MenuListInline.tsx:22:15)
  70 |       // The doc ID in Firestore is a slugified version of title_en
  71 |       const docId = pageTitle.toLowerCase().replace(/[^a-z0-9]+/g, '-').replace(/^-+|-+$/g, '');
> 72 |       const doc = await db.collection("pages").doc(docId).get();
     |                                                           ^
  73 |       if (doc.exists) {
  74 |         return doc.data() as PageData;
  75 |       }
Firestore fetching error (sections): Error: Could not load the default credentials. Browse to https://cloud.google.com/docs/authentication/getting-started for more information.
    at getAllFromCollection (src/lib/firestore.ts:59:58)
    at eval (src/lib/firestore.ts:389:10)
    at RootLayout (src/app/[lang]/layout.tsx:184:41)
  57 | async function getAllFromCollection<T extends FirebaseFirestore.DocumentData>(collectionName: string): Promise<T[]> {
  58 |   try {
> 59 |     const snapshot = await db.collection(collectionName).get();
     |                                                          ^
  60 |     return snapshot.docs.map(doc => doc.data() as T);
  61 |   } catch (error) {
  62 |     console.error(`Firestore fetching error (${collectionName}):`, error);
Firestore fetching error (pages): Error: Could not load the default credentials. Browse to https://cloud.google.com/docs/authentication/getting-started for more information.
    at eval (src/lib/firestore.ts:72:59)
    at eval (src/app/[lang]/layout.tsx:100:42)
    at Array.map (<anonymous>)
    at getMenuItems (src/app/[lang]/layout.tsx:96:20)
    at RootLayout (src/app/[lang]/layout.tsx:200:27)
  70 |       // The doc ID in Firestore is a slugified version of title_en
  71 |       const docId = pageTitle.toLowerCase().replace(/[^a-z0-9]+/g, '-').replace(/^-+|-+$/g, '');
> 72 |       const doc = await db.collection("pages").doc(docId).get();
     |                                                           ^
  73 |       if (doc.exists) {
  74 |         return doc.data() as PageData;
  75 |       }
Firestore fetching error (pages): Error: Could not load the default credentials. Browse to https://cloud.google.com/docs/authentication/getting-started for more information.
    at eval (src/lib/firestore.ts:72:59)
    at eval (src/app/[lang]/layout.tsx:100:42)
    at Array.map (<anonymous>)
    at getMenuItems (src/app/[lang]/layout.tsx:96:20)
    at RootLayout (src/app/[lang]/layout.tsx:200:27)
  70 |       // The doc ID in Firestore is a slugified version of title_en
  71 |       const docId = pageTitle.toLowerCase().replace(/[^a-z0-9]+/g, '-').replace(/^-+|-+$/g, '');
> 72 |       const doc = await db.collection("pages").doc(docId).get();
     |                                                           ^
  73 |       if (doc.exists) {
  74 |         return doc.data() as PageData;
  75 |       }
Firestore fetching error (pages): Error: Could not load the default credentials. Browse to https://cloud.google.com/docs/authentication/getting-started for more information.
    at eval (src/lib/firestore.ts:72:59)
    at eval (src/app/[lang]/layout.tsx:100:42)
    at Array.map (<anonymous>)
    at getMenuItems (src/app/[lang]/layout.tsx:96:20)
    at RootLayout (src/app/[lang]/layout.tsx:200:27)
  70 |       // The doc ID in Firestore is a slugified version of title_en
  71 |       const docId = pageTitle.toLowerCase().replace(/[^a-z0-9]+/g, '-').replace(/^-+|-+$/g, '');
> 72 |       const doc = await db.collection("pages").doc(docId).get();
     |                                                           ^
  73 |       if (doc.exists) {
  74 |         return doc.data() as PageData;
  75 |       }
Firestore fetching error (pages): Error: Could not load the default credentials. Browse to https://cloud.google.com/docs/authentication/getting-started for more information.
    at eval (src/lib/firestore.ts:72:59)
    at eval (src/app/[lang]/layout.tsx:100:42)
    at Array.map (<anonymous>)
    at getMenuItems (src/app/[lang]/layout.tsx:96:20)
    at RootLayout (src/app/[lang]/layout.tsx:200:27)
  70 |       // The doc ID in Firestore is a slugified version of title_en
  71 |       const docId = pageTitle.toLowerCase().replace(/[^a-z0-9]+/g, '-').replace(/^-+|-+$/g, '');
> 72 |       const doc = await db.collection("pages").doc(docId).get();
     |                                                           ^
  73 |       if (doc.exists) {
  74 |         return doc.data() as PageData;
  75 |       }
Firestore fetching error (pages): Error: Could not load the default credentials. Browse to https://cloud.google.com/docs/authentication/getting-started for more information.
    at eval (src/lib/firestore.ts:72:59)
    at eval (src/app/[lang]/layout.tsx:100:42)
    at Array.map (<anonymous>)
    at getMenuItems (src/app/[lang]/layout.tsx:96:20)
    at RootLayout (src/app/[lang]/layout.tsx:200:27)
  70 |       // The doc ID in Firestore is a slugified version of title_en
  71 |       const docId = pageTitle.toLowerCase().replace(/[^a-z0-9]+/g, '-').replace(/^-+|-+$/g, '');
> 72 |       const doc = await db.collection("pages").doc(docId).get();
     |                                                           ^
  73 |       if (doc.exists) {
  74 |         return doc.data() as PageData;
  75 |       }
Firestore fetching error (pages): Error: Could not load the default credentials. Browse to https://cloud.google.com/docs/authentication/getting-started for more information.
    at eval (src/lib/firestore.ts:72:59)
    at eval (src/app/[lang]/layout.tsx:100:42)
    at Array.map (<anonymous>)
    at getMenuItems (src/app/[lang]/layout.tsx:96:20)
    at RootLayout (src/app/[lang]/layout.tsx:200:27)
  70 |       // The doc ID in Firestore is a slugified version of title_en
  71 |       const docId = pageTitle.toLowerCase().replace(/[^a-z0-9]+/g, '-').replace(/^-+|-+$/g, '');
> 72 |       const doc = await db.collection("pages").doc(docId).get();
     |                                                           ^
  73 |       if (doc.exists) {
  74 |         return doc.data() as PageData;
  75 |       }
Firestore fetching error (pages): Error: Could not load the default credentials. Browse to https://cloud.google.com/docs/authentication/getting-started for more information.
    at eval (src/lib/firestore.ts:72:59)
    at eval (src/app/[lang]/layout.tsx:100:42)
    at Array.map (<anonymous>)
    at getMenuItems (src/app/[lang]/layout.tsx:96:20)
    at RootLayout (src/app/[lang]/layout.tsx:200:27)
  70 |       // The doc ID in Firestore is a slugified version of title_en
  71 |       const docId = pageTitle.toLowerCase().replace(/[^a-z0-9]+/g, '-').replace(/^-+|-+$/g, '');
> 72 |       const doc = await db.collection("pages").doc(docId).get();
     |                                                           ^
  73 |       if (doc.exists) {
  74 |         return doc.data() as PageData;
  75 |       }
Firestore fetching error (pages): Error: Could not load the default credentials. Browse to https://cloud.google.com/docs/authentication/getting-started for more information.
    at eval (src/lib/firestore.ts:72:59)
    at eval (src/app/[lang]/layout.tsx:100:42)
    at Array.map (<anonymous>)
    at getMenuItems (src/app/[lang]/layout.tsx:96:20)
    at RootLayout (src/app/[lang]/layout.tsx:200:27)
  70 |       // The doc ID in Firestore is a slugified version of title_en
  71 |       const docId = pageTitle.toLowerCase().replace(/[^a-z0-9]+/g, '-').replace(/^-+|-+$/g, '');
> 72 |       const doc = await db.collection("pages").doc(docId).get();
     |                                                           ^
  73 |       if (doc.exists) {
  74 |         return doc.data() as PageData;
  75 |       }
Firestore fetching error (pages): Error: Could not load the default credentials. Browse to https://cloud.google.com/docs/authentication/getting-started for more information.
    at eval (src/lib/firestore.ts:72:59)
    at eval (src/app/[lang]/layout.tsx:100:42)
    at Array.map (<anonymous>)
    at getMenuItems (src/app/[lang]/layout.tsx:96:20)
    at RootLayout (src/app/[lang]/layout.tsx:200:27)
  70 |       // The doc ID in Firestore is a slugified version of title_en
  71 |       const docId = pageTitle.toLowerCase().replace(/[^a-z0-9]+/g, '-').replace(/^-+|-+$/g, '');
> 72 |       const doc = await db.collection("pages").doc(docId).get();
     |                                                           ^
  73 |       if (doc.exists) {
  74 |         return doc.data() as PageData;
  75 |       }
Firestore fetching error (pages): Error: Could not load the default credentials. Browse to https://cloud.google.com/docs/authentication/getting-started for more information.
    at eval (src/lib/firestore.ts:72:59)
    at eval (src/app/[lang]/layout.tsx:100:42)
    at Array.map (<anonymous>)
    at getMenuItems (src/app/[lang]/layout.tsx:96:20)
    at RootLayout (src/app/[lang]/layout.tsx:200:27)
  70 |       // The doc ID in Firestore is a slugified version of title_en
  71 |       const docId = pageTitle.toLowerCase().replace(/[^a-z0-9]+/g, '-').replace(/^-+|-+$/g, '');
> 72 |       const doc = await db.collection("pages").doc(docId).get();
     |                                                           ^
  73 |       if (doc.exists) {
  74 |         return doc.data() as PageData;
  75 |       }
Firestore fetching error (pages): Error: Could not load the default credentials. Browse to https://cloud.google.com/docs/authentication/getting-started for more information.
    at eval (src/lib/firestore.ts:72:59)
    at eval (src/app/[lang]/layout.tsx:100:42)
    at Array.map (<anonymous>)
    at getMenuItems (src/app/[lang]/layout.tsx:96:20)
    at RootLayout (src/app/[lang]/layout.tsx:200:27)
  70 |       // The doc ID in Firestore is a slugified version of title_en
  71 |       const docId = pageTitle.toLowerCase().replace(/[^a-z0-9]+/g, '-').replace(/^-+|-+$/g, '');
> 72 |       const doc = await db.collection("pages").doc(docId).get();
     |                                                           ^
  73 |       if (doc.exists) {
  74 |         return doc.data() as PageData;
  75 |       }
Firestore fetching error (pages): Error: Could not load the default credentials. Browse to https://cloud.google.com/docs/authentication/getting-started for more information.
    at eval (src/lib/firestore.ts:72:59)
    at eval (src/app/[lang]/layout.tsx:100:42)
    at Array.map (<anonymous>)
    at getMenuItems (src/app/[lang]/layout.tsx:96:20)
    at RootLayout (src/app/[lang]/layout.tsx:200:27)
  70 |       // The doc ID in Firestore is a slugified version of title_en
  71 |       const docId = pageTitle.toLowerCase().replace(/[^a-z0-9]+/g, '-').replace(/^-+|-+$/g, '');
> 72 |       const doc = await db.collection("pages").doc(docId).get();
     |                                                           ^
  73 |       if (doc.exists) {
  74 |         return doc.data() as PageData;
  75 |       }
 GET /menu/buds 200 in 38152ms
[Firebase Admin] Initializing... {
  appsLength: 0,
  nodeEnv: 'development',
  hasClientEmail: false,
  hasPrivateKey: false
}
[Products] products.ts loaded
Firestore fetching error (pages): Error: Could not load the default credentials. Browse to https://cloud.google.com/docs/authentication/getting-started for more information.
    at eval (src/lib/firestore.ts:72:59)
    at BudsPage (src/app/[lang]/menu/buds/page.tsx:33:38)
  70 |       // The doc ID in Firestore is a slugified version of title_en
  71 |       const docId = pageTitle.toLowerCase().replace(/[^a-z0-9]+/g, '-').replace(/^-+|-+$/g, '');
> 72 |       const doc = await db.collection("pages").doc(docId).get();
     |                                                           ^
  73 |       if (doc.exists) {
  74 |         return doc.data() as PageData;
  75 |       }
Firestore fetching error (locations): Error: Could not load the default credentials. Browse to https://cloud.google.com/docs/authentication/getting-started for more information.
    at getAllFromCollection (src/lib/firestore.ts:59:58)
    at eval (src/lib/firestore.ts:152:22)
    at getOrganizationData (src/lib/organization-data.ts:9:42)
    at RootLayout (src/app/[lang]/layout.tsx:182:53)
  57 | async function getAllFromCollection<T extends FirebaseFirestore.DocumentData>(collectionName: string): Promise<T[]> {
  58 |   try {
> 59 |     const snapshot = await db.collection(collectionName).get();
     |                                                          ^
  60 |     return snapshot.docs.map(doc => doc.data() as T);
  61 |   } catch (error) {
  62 |     console.error(`Firestore fetching error (${collectionName}):`, error);
Firestore fetching error (socials): Error: Could not load the default credentials. Browse to https://cloud.google.com/docs/authentication/getting-started for more information.
    at getAllFromCollection (src/lib/firestore.ts:59:58)
    at eval (src/lib/firestore.ts:270:10)
    at RootLayout (src/app/[lang]/layout.tsx:183:39)
  57 | async function getAllFromCollection<T extends FirebaseFirestore.DocumentData>(collectionName: string): Promise<T[]> {
  58 |   try {
> 59 |     const snapshot = await db.collection(collectionName).get();
     |                                                          ^
  60 |     return snapshot.docs.map(doc => doc.data() as T);
  61 |   } catch (error) {
  62 |     console.error(`Firestore fetching error (${collectionName}):`, error);
Firestore fetching error (products): Error: Could not load the default credentials. Browse to https://cloud.google.com/docs/authentication/getting-started for more information.
    at getAllFromCollection (src/lib/firestore.ts:59:58)
    at eval (src/lib/firestore.ts:336:26)
    at fetchProductsFromFirestore (src/lib/products.ts:9:45)
    at getProducts (src/lib/products.ts:139:22)
    at getFilteredProductsForMenu (src/lib/products.ts:164:29)
    at BudsPage (src/app/[lang]/menu/buds/page.tsx:48:52)
  57 | async function getAllFromCollection<T extends FirebaseFirestore.DocumentData>(collectionName: string): Promise<T[]> {
  58 |   try {
> 59 |     const snapshot = await db.collection(collectionName).get();
     |                                                          ^
  60 |     return snapshot.docs.map(doc => doc.data() as T);
  61 |   } catch (error) {
  62 |     console.error(`Firestore fetching error (${collectionName}):`, error);
[Products] Raw products from Firestore: 0
[Products] Mapped category counts: {}
[Products] Successfully mapped 0 products.
Fetched Products: []
Firestore fetching error (sections): Error: Could not load the default credentials. Browse to https://cloud.google.com/docs/authentication/getting-started for more information.
    at getAllFromCollection (src/lib/firestore.ts:59:58)
    at eval (src/lib/firestore.ts:389:10)
    at RootLayout (src/app/[lang]/layout.tsx:184:41)
  57 | async function getAllFromCollection<T extends FirebaseFirestore.DocumentData>(collectionName: string): Promise<T[]> {
  58 |   try {
> 59 |     const snapshot = await db.collection(collectionName).get();
     |                                                          ^
  60 |     return snapshot.docs.map(doc => doc.data() as T);
  61 |   } catch (error) {
  62 |     console.error(`Firestore fetching error (${collectionName}):`, error);
Firestore fetching error (pages): Error: Could not load the default credentials. Browse to https://cloud.google.com/docs/authentication/getting-started for more information.
    at eval (src/lib/firestore.ts:72:59)
    at eval (src/components/MenuListInline.tsx:23:38)
    at Array.map (<anonymous>)
    at MenuListInline (src/components/MenuListInline.tsx:22:15)
  70 |       // The doc ID in Firestore is a slugified version of title_en
  71 |       const docId = pageTitle.toLowerCase().replace(/[^a-z0-9]+/g, '-').replace(/^-+|-+$/g, '');
> 72 |       const doc = await db.collection("pages").doc(docId).get();
     |                                                           ^
  73 |       if (doc.exists) {
  74 |         return doc.data() as PageData;
  75 |       }
Firestore fetching error (pages): Error: Could not load the default credentials. Browse to https://cloud.google.com/docs/authentication/getting-started for more information.
    at eval (src/lib/firestore.ts:72:59)
    at eval (src/components/MenuListInline.tsx:23:38)
    at Array.map (<anonymous>)
    at MenuListInline (src/components/MenuListInline.tsx:22:15)
  70 |       // The doc ID in Firestore is a slugified version of title_en
  71 |       const docId = pageTitle.toLowerCase().replace(/[^a-z0-9]+/g, '-').replace(/^-+|-+$/g, '');
> 72 |       const doc = await db.collection("pages").doc(docId).get();
     |                                                           ^
  73 |       if (doc.exists) {
  74 |         return doc.data() as PageData;
  75 |       }
Firestore fetching error (pages): Error: Could not load the default credentials. Browse to https://cloud.google.com/docs/authentication/getting-started for more information.
    at eval (src/lib/firestore.ts:72:59)
    at eval (src/components/MenuListInline.tsx:23:38)
    at Array.map (<anonymous>)
    at MenuListInline (src/components/MenuListInline.tsx:22:15)
  70 |       // The doc ID in Firestore is a slugified version of title_en
  71 |       const docId = pageTitle.toLowerCase().replace(/[^a-z0-9]+/g, '-').replace(/^-+|-+$/g, '');
> 72 |       const doc = await db.collection("pages").doc(docId).get();
     |                                                           ^
  73 |       if (doc.exists) {
  74 |         return doc.data() as PageData;
  75 |       }
Firestore fetching error (pages): Error: Could not load the default credentials. Browse to https://cloud.google.com/docs/authentication/getting-started for more information.
    at eval (src/lib/firestore.ts:72:59)
    at eval (src/components/MenuListInline.tsx:23:38)
    at Array.map (<anonymous>)
    at MenuListInline (src/components/MenuListInline.tsx:22:15)
  70 |       // The doc ID in Firestore is a slugified version of title_en
  71 |       const docId = pageTitle.toLowerCase().replace(/[^a-z0-9]+/g, '-').replace(/^-+|-+$/g, '');
> 72 |       const doc = await db.collection("pages").doc(docId).get();
     |                                                           ^
  73 |       if (doc.exists) {
  74 |         return doc.data() as PageData;
  75 |       }
 HEAD /menu/buds 200 in 29817ms
Firestore fetching error (pages): Error: Could not load the default credentials. Browse to https://cloud.google.com/docs/authentication/getting-started for more information.
    at eval (src/lib/firestore.ts:72:59)
    at eval (src/app/[lang]/layout.tsx:100:42)
    at Array.map (<anonymous>)
    at getMenuItems (src/app/[lang]/layout.tsx:96:20)
    at RootLayout (src/app/[lang]/layout.tsx:200:27)
  70 |       // The doc ID in Firestore is a slugified version of title_en
  71 |       const docId = pageTitle.toLowerCase().replace(/[^a-z0-9]+/g, '-').replace(/^-+|-+$/g, '');
> 72 |       const doc = await db.collection("pages").doc(docId).get();
     |                                                           ^
  73 |       if (doc.exists) {
  74 |         return doc.data() as PageData;
  75 |       }
Firestore fetching error (pages): Error: Could not load the default credentials. Browse to https://cloud.google.com/docs/authentication/getting-started for more information.
    at eval (src/lib/firestore.ts:72:59)
    at eval (src/app/[lang]/layout.tsx:100:42)
    at Array.map (<anonymous>)
    at getMenuItems (src/app/[lang]/layout.tsx:96:20)
    at RootLayout (src/app/[lang]/layout.tsx:200:27)
  70 |       // The doc ID in Firestore is a slugified version of title_en
  71 |       const docId = pageTitle.toLowerCase().replace(/[^a-z0-9]+/g, '-').replace(/^-+|-+$/g, '');
> 72 |       const doc = await db.collection("pages").doc(docId).get();
     |                                                           ^
  73 |       if (doc.exists) {
  74 |         return doc.data() as PageData;
  75 |       }
Firestore fetching error (pages): Error: Could not load the default credentials. Browse to https://cloud.google.com/docs/authentication/getting-started for more information.
    at eval (src/lib/firestore.ts:72:59)
    at eval (src/app/[lang]/layout.tsx:100:42)
    at Array.map (<anonymous>)
    at getMenuItems (src/app/[lang]/layout.tsx:96:20)
    at RootLayout (src/app/[lang]/layout.tsx:200:27)
  70 |       // The doc ID in Firestore is a slugified version of title_en
  71 |       const docId = pageTitle.toLowerCase().replace(/[^a-z0-9]+/g, '-').replace(/^-+|-+$/g, '');
> 72 |       const doc = await db.collection("pages").doc(docId).get();
     |                                                           ^
  73 |       if (doc.exists) {
  74 |         return doc.data() as PageData;
  75 |       }
Firestore fetching error (pages): Error: Could not load the default credentials. Browse to https://cloud.google.com/docs/authentication/getting-started for more information.
    at eval (src/lib/firestore.ts:72:59)
    at eval (src/app/[lang]/layout.tsx:100:42)
    at Array.map (<anonymous>)
    at getMenuItems (src/app/[lang]/layout.tsx:96:20)
    at RootLayout (src/app/[lang]/layout.tsx:200:27)
  70 |       // The doc ID in Firestore is a slugified version of title_en
  71 |       const docId = pageTitle.toLowerCase().replace(/[^a-z0-9]+/g, '-').replace(/^-+|-+$/g, '');
> 72 |       const doc = await db.collection("pages").doc(docId).get();
     |                                                           ^
  73 |       if (doc.exists) {
  74 |         return doc.data() as PageData;
  75 |       }
Firestore fetching error (pages): Error: Could not load the default credentials. Browse to https://cloud.google.com/docs/authentication/getting-started for more information.
    at eval (src/lib/firestore.ts:72:59)
    at eval (src/app/[lang]/layout.tsx:100:42)
    at Array.map (<anonymous>)
    at getMenuItems (src/app/[lang]/layout.tsx:96:20)
    at RootLayout (src/app/[lang]/layout.tsx:200:27)
  70 |       // The doc ID in Firestore is a slugified version of title_en
  71 |       const docId = pageTitle.toLowerCase().replace(/[^a-z0-9]+/g, '-').replace(/^-+|-+$/g, '');
> 72 |       const doc = await db.collection("pages").doc(docId).get();
     |                                                           ^
  73 |       if (doc.exists) {
  74 |         return doc.data() as PageData;
  75 |       }
Firestore fetching error (pages): Error: Could not load the default credentials. Browse to https://cloud.google.com/docs/authentication/getting-started for more information.
    at eval (src/lib/firestore.ts:72:59)
    at eval (src/app/[lang]/layout.tsx:100:42)
    at Array.map (<anonymous>)
    at getMenuItems (src/app/[lang]/layout.tsx:96:20)
    at RootLayout (src/app/[lang]/layout.tsx:200:27)
  70 |       // The doc ID in Firestore is a slugified version of title_en
  71 |       const docId = pageTitle.toLowerCase().replace(/[^a-z0-9]+/g, '-').replace(/^-+|-+$/g, '');
> 72 |       const doc = await db.collection("pages").doc(docId).get();
     |                                                           ^
  73 |       if (doc.exists) {
  74 |         return doc.data() as PageData;
  75 |       }
Firestore fetching error (pages): Error: Could not load the default credentials. Browse to https://cloud.google.com/docs/authentication/getting-started for more information.
    at eval (src/lib/firestore.ts:72:59)
    at eval (src/app/[lang]/layout.tsx:100:42)
    at Array.map (<anonymous>)
    at getMenuItems (src/app/[lang]/layout.tsx:96:20)
    at RootLayout (src/app/[lang]/layout.tsx:200:27)
  70 |       // The doc ID in Firestore is a slugified version of title_en
  71 |       const docId = pageTitle.toLowerCase().replace(/[^a-z0-9]+/g, '-').replace(/^-+|-+$/g, '');
> 72 |       const doc = await db.collection("pages").doc(docId).get();
     |                                                           ^
  73 |       if (doc.exists) {
  74 |         return doc.data() as PageData;
  75 |       }
Firestore fetching error (pages): Error: Could not load the default credentials. Browse to https://cloud.google.com/docs/authentication/getting-started for more information.
    at eval (src/lib/firestore.ts:72:59)
    at eval (src/app/[lang]/layout.tsx:100:42)
    at Array.map (<anonymous>)
    at getMenuItems (src/app/[lang]/layout.tsx:96:20)
    at RootLayout (src/app/[lang]/layout.tsx:200:27)
  70 |       // The doc ID in Firestore is a slugified version of title_en
  71 |       const docId = pageTitle.toLowerCase().replace(/[^a-z0-9]+/g, '-').replace(/^-+|-+$/g, '');
> 72 |       const doc = await db.collection("pages").doc(docId).get();
     |                                                           ^
  73 |       if (doc.exists) {
  74 |         return doc.data() as PageData;
  75 |       }
Firestore fetching error (pages): Error: Could not load the default credentials. Browse to https://cloud.google.com/docs/authentication/getting-started for more information.
    at eval (src/lib/firestore.ts:72:59)
    at eval (src/app/[lang]/layout.tsx:100:42)
    at Array.map (<anonymous>)
    at getMenuItems (src/app/[lang]/layout.tsx:96:20)
    at RootLayout (src/app/[lang]/layout.tsx:200:27)
  70 |       // The doc ID in Firestore is a slugified version of title_en
  71 |       const docId = pageTitle.toLowerCase().replace(/[^a-z0-9]+/g, '-').replace(/^-+|-+$/g, '');
> 72 |       const doc = await db.collection("pages").doc(docId).get();
     |                                                           ^
  73 |       if (doc.exists) {
  74 |         return doc.data() as PageData;
  75 |       }
Firestore fetching error (pages): Error: Could not load the default credentials. Browse to https://cloud.google.com/docs/authentication/getting-started for more information.
    at eval (src/lib/firestore.ts:72:59)
    at eval (src/app/[lang]/layout.tsx:100:42)
    at Array.map (<anonymous>)
    at getMenuItems (src/app/[lang]/layout.tsx:96:20)
    at RootLayout (src/app/[lang]/layout.tsx:200:27)
  70 |       // The doc ID in Firestore is a slugified version of title_en
  71 |       const docId = pageTitle.toLowerCase().replace(/[^a-z0-9]+/g, '-').replace(/^-+|-+$/g, '');
> 72 |       const doc = await db.collection("pages").doc(docId).get();
     |                                                           ^
  73 |       if (doc.exists) {
  74 |         return doc.data() as PageData;
  75 |       }
Firestore fetching error (pages): Error: Could not load the default credentials. Browse to https://cloud.google.com/docs/authentication/getting-started for more information.
    at eval (src/lib/firestore.ts:72:59)
    at eval (src/app/[lang]/layout.tsx:100:42)
    at Array.map (<anonymous>)
    at getMenuItems (src/app/[lang]/layout.tsx:96:20)
    at RootLayout (src/app/[lang]/layout.tsx:200:27)
  70 |       // The doc ID in Firestore is a slugified version of title_en
  71 |       const docId = pageTitle.toLowerCase().replace(/[^a-z0-9]+/g, '-').replace(/^-+|-+$/g, '');
> 72 |       const doc = await db.collection("pages").doc(docId).get();
     |                                                           ^
  73 |       if (doc.exists) {
  74 |         return doc.data() as PageData;
  75 |       }
Firestore fetching error (pages): Error: Could not load the default credentials. Browse to https://cloud.google.com/docs/authentication/getting-started for more information.
    at eval (src/lib/firestore.ts:72:59)
    at eval (src/app/[lang]/layout.tsx:100:42)
    at Array.map (<anonymous>)
    at getMenuItems (src/app/[lang]/layout.tsx:96:20)
    at RootLayout (src/app/[lang]/layout.tsx:200:27)
  70 |       // The doc ID in Firestore is a slugified version of title_en
  71 |       const docId = pageTitle.toLowerCase().replace(/[^a-z0-9]+/g, '-').replace(/^-+|-+$/g, '');
> 72 |       const doc = await db.collection("pages").doc(docId).get();
     |                                                           ^
  73 |       if (doc.exists) {
  74 |         return doc.data() as PageData;
  75 |       }
[Firebase Admin] Initializing... {
  appsLength: 0,
  nodeEnv: 'development',
  hasClientEmail: false,
  hasPrivateKey: false
}
[Products] products.ts loaded
Firestore fetching error (pages): Error: Could not load the default credentials. Browse to https://cloud.google.com/docs/authentication/getting-started for more information.
    at eval (src/lib/firestore.ts:72:59)
    at BudsPage (src/app/[lang]/menu/buds/page.tsx:33:38)
  70 |       // The doc ID in Firestore is a slugified version of title_en
  71 |       const docId = pageTitle.toLowerCase().replace(/[^a-z0-9]+/g, '-').replace(/^-+|-+$/g, '');
> 72 |       const doc = await db.collection("pages").doc(docId).get();
     |                                                           ^
  73 |       if (doc.exists) {
  74 |         return doc.data() as PageData;
  75 |       }
Firestore fetching error (locations): Error: Could not load the default credentials. Browse to https://cloud.google.com/docs/authentication/getting-started for more information.
    at getAllFromCollection (src/lib/firestore.ts:59:58)
    at eval (src/lib/firestore.ts:152:22)
    at getOrganizationData (src/lib/organization-data.ts:9:42)
    at RootLayout (src/app/[lang]/layout.tsx:182:53)
  57 | async function getAllFromCollection<T extends FirebaseFirestore.DocumentData>(collectionName: string): Promise<T[]> {
  58 |   try {
> 59 |     const snapshot = await db.collection(collectionName).get();
     |                                                          ^
  60 |     return snapshot.docs.map(doc => doc.data() as T);
  61 |   } catch (error) {
  62 |     console.error(`Firestore fetching error (${collectionName}):`, error);
Firestore fetching error (products): Error: Could not load the default credentials. Browse to https://cloud.google.com/docs/authentication/getting-started for more information.
    at getAllFromCollection (src/lib/firestore.ts:59:58)
    at eval (src/lib/firestore.ts:336:26)
    at fetchProductsFromFirestore (src/lib/products.ts:9:45)
    at getProducts (src/lib/products.ts:139:22)
    at getFilteredProductsForMenu (src/lib/products.ts:164:29)
    at BudsPage (src/app/[lang]/menu/buds/page.tsx:48:52)
  57 | async function getAllFromCollection<T extends FirebaseFirestore.DocumentData>(collectionName: string): Promise<T[]> {
  58 |   try {
> 59 |     const snapshot = await db.collection(collectionName).get();
     |                                                          ^
  60 |     return snapshot.docs.map(doc => doc.data() as T);
  61 |   } catch (error) {
  62 |     console.error(`Firestore fetching error (${collectionName}):`, error);
[Products] Raw products from Firestore: 0
[Products] Mapped category counts: {}
[Products] Successfully mapped 0 products.
Fetched Products: []
Firestore fetching error (socials): Error: Could not load the default credentials. Browse to https://cloud.google.com/docs/authentication/getting-started for more information.
    at getAllFromCollection (src/lib/firestore.ts:59:58)
    at eval (src/lib/firestore.ts:270:10)
    at RootLayout (src/app/[lang]/layout.tsx:183:39)
  57 | async function getAllFromCollection<T extends FirebaseFirestore.DocumentData>(collectionName: string): Promise<T[]> {
  58 |   try {
> 59 |     const snapshot = await db.collection(collectionName).get();
     |                                                          ^
  60 |     return snapshot.docs.map(doc => doc.data() as T);
  61 |   } catch (error) {
  62 |     console.error(`Firestore fetching error (${collectionName}):`, error);
Firestore fetching error (pages): Error: Could not load the default credentials. Browse to https://cloud.google.com/docs/authentication/getting-started for more information.
    at eval (src/lib/firestore.ts:72:59)
    at eval (src/components/MenuListInline.tsx:23:38)
    at Array.map (<anonymous>)
    at MenuListInline (src/components/MenuListInline.tsx:22:15)
  70 |       // The doc ID in Firestore is a slugified version of title_en
  71 |       const docId = pageTitle.toLowerCase().replace(/[^a-z0-9]+/g, '-').replace(/^-+|-+$/g, '');
> 72 |       const doc = await db.collection("pages").doc(docId).get();
     |                                                           ^
  73 |       if (doc.exists) {
  74 |         return doc.data() as PageData;
  75 |       }
Firestore fetching error (pages): Error: Could not load the default credentials. Browse to https://cloud.google.com/docs/authentication/getting-started for more information.
    at eval (src/lib/firestore.ts:72:59)
    at eval (src/components/MenuListInline.tsx:23:38)
    at Array.map (<anonymous>)
    at MenuListInline (src/components/MenuListInline.tsx:22:15)
  70 |       // The doc ID in Firestore is a slugified version of title_en
  71 |       const docId = pageTitle.toLowerCase().replace(/[^a-z0-9]+/g, '-').replace(/^-+|-+$/g, '');
> 72 |       const doc = await db.collection("pages").doc(docId).get();
     |                                                           ^
  73 |       if (doc.exists) {
  74 |         return doc.data() as PageData;
  75 |       }
Firestore fetching error (pages): Error: Could not load the default credentials. Browse to https://cloud.google.com/docs/authentication/getting-started for more information.
    at eval (src/lib/firestore.ts:72:59)
    at eval (src/components/MenuListInline.tsx:23:38)
    at Array.map (<anonymous>)
    at MenuListInline (src/components/MenuListInline.tsx:22:15)
  70 |       // The doc ID in Firestore is a slugified version of title_en
  71 |       const docId = pageTitle.toLowerCase().replace(/[^a-z0-9]+/g, '-').replace(/^-+|-+$/g, '');
> 72 |       const doc = await db.collection("pages").doc(docId).get();
     |                                                           ^
  73 |       if (doc.exists) {
  74 |         return doc.data() as PageData;
  75 |       }
Firestore fetching error (pages): Error: Could not load the default credentials. Browse to https://cloud.google.com/docs/authentication/getting-started for more information.
    at eval (src/lib/firestore.ts:72:59)
    at eval (src/components/MenuListInline.tsx:23:38)
    at Array.map (<anonymous>)
    at MenuListInline (src/components/MenuListInline.tsx:22:15)
  70 |       // The doc ID in Firestore is a slugified version of title_en
  71 |       const docId = pageTitle.toLowerCase().replace(/[^a-z0-9]+/g, '-').replace(/^-+|-+$/g, '');
> 72 |       const doc = await db.collection("pages").doc(docId).get();
     |                                                           ^
  73 |       if (doc.exists) {
  74 |         return doc.data() as PageData;
  75 |       }
Firestore fetching error (sections): Error: Could not load the default credentials. Browse to https://cloud.google.com/docs/authentication/getting-started for more information.
    at getAllFromCollection (src/lib/firestore.ts:59:58)
    at eval (src/lib/firestore.ts:389:10)
    at RootLayout (src/app/[lang]/layout.tsx:184:41)
  57 | async function getAllFromCollection<T extends FirebaseFirestore.DocumentData>(collectionName: string): Promise<T[]> {
  58 |   try {
> 59 |     const snapshot = await db.collection(collectionName).get();
     |                                                          ^
  60 |     return snapshot.docs.map(doc => doc.data() as T);
  61 |   } catch (error) {
  62 |     console.error(`Firestore fetching error (${collectionName}):`, error);
Firestore fetching error (pages): Error: Could not load the default credentials. Browse to https://cloud.google.com/docs/authentication/getting-started for more information.
    at eval (src/lib/firestore.ts:72:59)
    at eval (src/app/[lang]/layout.tsx:100:42)
    at Array.map (<anonymous>)
    at getMenuItems (src/app/[lang]/layout.tsx:96:20)
    at RootLayout (src/app/[lang]/layout.tsx:200:27)
  70 |       // The doc ID in Firestore is a slugified version of title_en
  71 |       const docId = pageTitle.toLowerCase().replace(/[^a-z0-9]+/g, '-').replace(/^-+|-+$/g, '');
> 72 |       const doc = await db.collection("pages").doc(docId).get();
     |                                                           ^
  73 |       if (doc.exists) {
  74 |         return doc.data() as PageData;
  75 |       }
Firestore fetching error (pages): Error: Could not load the default credentials. Browse to https://cloud.google.com/docs/authentication/getting-started for more information.
    at eval (src/lib/firestore.ts:72:59)
    at eval (src/app/[lang]/layout.tsx:100:42)
    at Array.map (<anonymous>)
    at getMenuItems (src/app/[lang]/layout.tsx:96:20)
    at RootLayout (src/app/[lang]/layout.tsx:200:27)
  70 |       // The doc ID in Firestore is a slugified version of title_en
  71 |       const docId = pageTitle.toLowerCase().replace(/[^a-z0-9]+/g, '-').replace(/^-+|-+$/g, '');
> 72 |       const doc = await db.collection("pages").doc(docId).get();
     |                                                           ^
  73 |       if (doc.exists) {
  74 |         return doc.data() as PageData;
  75 |       }
Firestore fetching error (pages): Error: Could not load the default credentials. Browse to https://cloud.google.com/docs/authentication/getting-started for more information.
    at eval (src/lib/firestore.ts:72:59)
    at eval (src/app/[lang]/layout.tsx:100:42)
    at Array.map (<anonymous>)
    at getMenuItems (src/app/[lang]/layout.tsx:96:20)
    at RootLayout (src/app/[lang]/layout.tsx:200:27)
  70 |       // The doc ID in Firestore is a slugified version of title_en
  71 |       const docId = pageTitle.toLowerCase().replace(/[^a-z0-9]+/g, '-').replace(/^-+|-+$/g, '');
> 72 |       const doc = await db.collection("pages").doc(docId).get();
     |                                                           ^
  73 |       if (doc.exists) {
  74 |         return doc.data() as PageData;
  75 |       }
Firestore fetching error (pages): Error: Could not load the default credentials. Browse to https://cloud.google.com/docs/authentication/getting-started for more information.
    at eval (src/lib/firestore.ts:72:59)
    at eval (src/app/[lang]/layout.tsx:100:42)
    at Array.map (<anonymous>)
    at getMenuItems (src/app/[lang]/layout.tsx:96:20)
    at RootLayout (src/app/[lang]/layout.tsx:200:27)
  70 |       // The doc ID in Firestore is a slugified version of title_en
  71 |       const docId = pageTitle.toLowerCase().replace(/[^a-z0-9]+/g, '-').replace(/^-+|-+$/g, '');
> 72 |       const doc = await db.collection("pages").doc(docId).get();
     |                                                           ^
  73 |       if (doc.exists) {
  74 |         return doc.data() as PageData;
  75 |       }
Firestore fetching error (pages): Error: Could not load the default credentials. Browse to https://cloud.google.com/docs/authentication/getting-started for more information.
    at eval (src/lib/firestore.ts:72:59)
    at eval (src/app/[lang]/layout.tsx:100:42)
    at Array.map (<anonymous>)
    at getMenuItems (src/app/[lang]/layout.tsx:96:20)
    at RootLayout (src/app/[lang]/layout.tsx:200:27)
  70 |       // The doc ID in Firestore is a slugified version of title_en
  71 |       const docId = pageTitle.toLowerCase().replace(/[^a-z0-9]+/g, '-').replace(/^-+|-+$/g, '');
> 72 |       const doc = await db.collection("pages").doc(docId).get();
     |                                                           ^
  73 |       if (doc.exists) {
  74 |         return doc.data() as PageData;
  75 |       }
Firestore fetching error (pages): Error: Could not load the default credentials. Browse to https://cloud.google.com/docs/authentication/getting-started for more information.
    at eval (src/lib/firestore.ts:72:59)
    at eval (src/app/[lang]/layout.tsx:100:42)
    at Array.map (<anonymous>)
    at getMenuItems (src/app/[lang]/layout.tsx:96:20)
    at RootLayout (src/app/[lang]/layout.tsx:200:27)
  70 |       // The doc ID in Firestore is a slugified version of title_en
  71 |       const docId = pageTitle.toLowerCase().replace(/[^a-z0-9]+/g, '-').replace(/^-+|-+$/g, '');
> 72 |       const doc = await db.collection("pages").doc(docId).get();
     |                                                           ^
  73 |       if (doc.exists) {
  74 |         return doc.data() as PageData;
  75 |       }
Firestore fetching error (pages): Error: Could not load the default credentials. Browse to https://cloud.google.com/docs/authentication/getting-started for more information.
    at eval (src/lib/firestore.ts:72:59)
    at eval (src/app/[lang]/layout.tsx:100:42)
    at Array.map (<anonymous>)
    at getMenuItems (src/app/[lang]/layout.tsx:96:20)
    at RootLayout (src/app/[lang]/layout.tsx:200:27)
  70 |       // The doc ID in Firestore is a slugified version of title_en
  71 |       const docId = pageTitle.toLowerCase().replace(/[^a-z0-9]+/g, '-').replace(/^-+|-+$/g, '');
> 72 |       const doc = await db.collection("pages").doc(docId).get();
     |                                                           ^
  73 |       if (doc.exists) {
  74 |         return doc.data() as PageData;
  75 |       }
Firestore fetching error (pages): Error: Could not load the default credentials. Browse to https://cloud.google.com/docs/authentication/getting-started for more information.
    at eval (src/lib/firestore.ts:72:59)
    at eval (src/app/[lang]/layout.tsx:100:42)
    at Array.map (<anonymous>)
    at getMenuItems (src/app/[lang]/layout.tsx:96:20)
    at RootLayout (src/app/[lang]/layout.tsx:200:27)
  70 |       // The doc ID in Firestore is a slugified version of title_en
  71 |       const docId = pageTitle.toLowerCase().replace(/[^a-z0-9]+/g, '-').replace(/^-+|-+$/g, '');
> 72 |       const doc = await db.collection("pages").doc(docId).get();
     |                                                           ^
  73 |       if (doc.exists) {
  74 |         return doc.data() as PageData;
  75 |       }
Firestore fetching error (pages): Error: Could not load the default credentials. Browse to https://cloud.google.com/docs/authentication/getting-started for more information.
    at eval (src/lib/firestore.ts:72:59)
    at eval (src/app/[lang]/layout.tsx:100:42)
    at Array.map (<anonymous>)
    at getMenuItems (src/app/[lang]/layout.tsx:96:20)
    at RootLayout (src/app/[lang]/layout.tsx:200:27)
  70 |       // The doc ID in Firestore is a slugified version of title_en
  71 |       const docId = pageTitle.toLowerCase().replace(/[^a-z0-9]+/g, '-').replace(/^-+|-+$/g, '');
> 72 |       const doc = await db.collection("pages").doc(docId).get();
     |                                                           ^
  73 |       if (doc.exists) {
  74 |         return doc.data() as PageData;
  75 |       }
Firestore fetching error (pages): Error: Could not load the default credentials. Browse to https://cloud.google.com/docs/authentication/getting-started for more information.
    at eval (src/lib/firestore.ts:72:59)
    at eval (src/app/[lang]/layout.tsx:100:42)
    at Array.map (<anonymous>)
    at getMenuItems (src/app/[lang]/layout.tsx:96:20)
    at RootLayout (src/app/[lang]/layout.tsx:200:27)
  70 |       // The doc ID in Firestore is a slugified version of title_en
  71 |       const docId = pageTitle.toLowerCase().replace(/[^a-z0-9]+/g, '-').replace(/^-+|-+$/g, '');
> 72 |       const doc = await db.collection("pages").doc(docId).get();
     |                                                           ^
  73 |       if (doc.exists) {
  74 |         return doc.data() as PageData;
  75 |       }
Firestore fetching error (pages): Error: Could not load the default credentials. Browse to https://cloud.google.com/docs/authentication/getting-started for more information.
    at eval (src/lib/firestore.ts:72:59)
    at eval (src/app/[lang]/layout.tsx:100:42)
    at Array.map (<anonymous>)
    at getMenuItems (src/app/[lang]/layout.tsx:96:20)
    at RootLayout (src/app/[lang]/layout.tsx:200:27)
  70 |       // The doc ID in Firestore is a slugified version of title_en
  71 |       const docId = pageTitle.toLowerCase().replace(/[^a-z0-9]+/g, '-').replace(/^-+|-+$/g, '');
> 72 |       const doc = await db.collection("pages").doc(docId).get();
     |                                                           ^
  73 |       if (doc.exists) {
  74 |         return doc.data() as PageData;
  75 |       }
Firestore fetching error (pages): Error: Could not load the default credentials. Browse to https://cloud.google.com/docs/authentication/getting-started for more information.
    at eval (src/lib/firestore.ts:72:59)
    at eval (src/app/[lang]/layout.tsx:100:42)
    at Array.map (<anonymous>)
    at getMenuItems (src/app/[lang]/layout.tsx:96:20)
    at RootLayout (src/app/[lang]/layout.tsx:200:27)
  70 |       // The doc ID in Firestore is a slugified version of title_en
  71 |       const docId = pageTitle.toLowerCase().replace(/[^a-z0-9]+/g, '-').replace(/^-+|-+$/g, '');
> 72 |       const doc = await db.collection("pages").doc(docId).get();
     |                                                           ^
  73 |       if (doc.exists) {
  74 |         return doc.data() as PageData;
  75 |       }
 GET /menu/buds 200 in 40251ms
[Firebase Admin] Initializing... {
  appsLength: 0,
  nodeEnv: 'development',
  hasClientEmail: false,
  hasPrivateKey: false
}
[Products] products.ts loaded
Firestore fetching error (pages): Error: Could not load the default credentials. Browse to https://cloud.google.com/docs/authentication/getting-started for more information.
    at eval (src/lib/firestore.ts:72:59)
    at BudsPage (src/app/[lang]/menu/buds/page.tsx:33:38)
  70 |       // The doc ID in Firestore is a slugified version of title_en
  71 |       const docId = pageTitle.toLowerCase().replace(/[^a-z0-9]+/g, '-').replace(/^-+|-+$/g, '');
> 72 |       const doc = await db.collection("pages").doc(docId).get();
     |                                                           ^
  73 |       if (doc.exists) {
  74 |         return doc.data() as PageData;
  75 |       }
Firestore fetching error (locations): Error: Could not load the default credentials. Browse to https://cloud.google.com/docs/authentication/getting-started for more information.
    at getAllFromCollection (src/lib/firestore.ts:59:58)
    at eval (src/lib/firestore.ts:152:22)
    at getOrganizationData (src/lib/organization-data.ts:9:42)
    at RootLayout (src/app/[lang]/layout.tsx:182:53)
  57 | async function getAllFromCollection<T extends FirebaseFirestore.DocumentData>(collectionName: string): Promise<T[]> {
  58 |   try {
> 59 |     const snapshot = await db.collection(collectionName).get();
     |                                                          ^
  60 |     return snapshot.docs.map(doc => doc.data() as T);
  61 |   } catch (error) {
  62 |     console.error(`Firestore fetching error (${collectionName}):`, error);
Firestore fetching error (socials): Error: Could not load the default credentials. Browse to https://cloud.google.com/docs/authentication/getting-started for more information.
    at getAllFromCollection (src/lib/firestore.ts:59:58)
    at eval (src/lib/firestore.ts:270:10)
    at RootLayout (src/app/[lang]/layout.tsx:183:39)
  57 | async function getAllFromCollection<T extends FirebaseFirestore.DocumentData>(collectionName: string): Promise<T[]> {
  58 |   try {
> 59 |     const snapshot = await db.collection(collectionName).get();
     |                                                          ^
  60 |     return snapshot.docs.map(doc => doc.data() as T);
  61 |   } catch (error) {
  62 |     console.error(`Firestore fetching error (${collectionName}):`, error);
Firestore fetching error (products): Error: Could not load the default credentials. Browse to https://cloud.google.com/docs/authentication/getting-started for more information.
    at getAllFromCollection (src/lib/firestore.ts:59:58)
    at eval (src/lib/firestore.ts:336:26)
    at fetchProductsFromFirestore (src/lib/products.ts:9:45)
    at getProducts (src/lib/products.ts:139:22)
    at getFilteredProductsForMenu (src/lib/products.ts:164:29)
    at BudsPage (src/app/[lang]/menu/buds/page.tsx:48:52)
  57 | async function getAllFromCollection<T extends FirebaseFirestore.DocumentData>(collectionName: string): Promise<T[]> {
  58 |   try {
> 59 |     const snapshot = await db.collection(collectionName).get();
     |                                                          ^
  60 |     return snapshot.docs.map(doc => doc.data() as T);
  61 |   } catch (error) {
  62 |     console.error(`Firestore fetching error (${collectionName}):`, error);
[Products] Raw products from Firestore: 0
[Products] Mapped category counts: {}
[Products] Successfully mapped 0 products.
Fetched Products: []
Firestore fetching error (sections): Error: Could not load the default credentials. Browse to https://cloud.google.com/docs/authentication/getting-started for more information.
    at getAllFromCollection (src/lib/firestore.ts:59:58)
    at eval (src/lib/firestore.ts:389:10)
    at RootLayout (src/app/[lang]/layout.tsx:184:41)
  57 | async function getAllFromCollection<T extends FirebaseFirestore.DocumentData>(collectionName: string): Promise<T[]> {
  58 |   try {
> 59 |     const snapshot = await db.collection(collectionName).get();
     |                                                          ^
  60 |     return snapshot.docs.map(doc => doc.data() as T);
  61 |   } catch (error) {
  62 |     console.error(`Firestore fetching error (${collectionName}):`, error);
Firestore fetching error (pages): Error: Could not load the default credentials. Browse to https://cloud.google.com/docs/authentication/getting-started for more information.
    at eval (src/lib/firestore.ts:72:59)
    at eval (src/components/MenuListInline.tsx:23:38)
    at Array.map (<anonymous>)
    at MenuListInline (src/components/MenuListInline.tsx:22:15)
  70 |       // The doc ID in Firestore is a slugified version of title_en
  71 |       const docId = pageTitle.toLowerCase().replace(/[^a-z0-9]+/g, '-').replace(/^-+|-+$/g, '');
> 72 |       const doc = await db.collection("pages").doc(docId).get();
     |                                                           ^
  73 |       if (doc.exists) {
  74 |         return doc.data() as PageData;
  75 |       }
Firestore fetching error (pages): Error: Could not load the default credentials. Browse to https://cloud.google.com/docs/authentication/getting-started for more information.
    at eval (src/lib/firestore.ts:72:59)
    at eval (src/components/MenuListInline.tsx:23:38)
    at Array.map (<anonymous>)
    at MenuListInline (src/components/MenuListInline.tsx:22:15)
  70 |       // The doc ID in Firestore is a slugified version of title_en
  71 |       const docId = pageTitle.toLowerCase().replace(/[^a-z0-9]+/g, '-').replace(/^-+|-+$/g, '');
> 72 |       const doc = await db.collection("pages").doc(docId).get();
     |                                                           ^
  73 |       if (doc.exists) {
  74 |         return doc.data() as PageData;
  75 |       }
Firestore fetching error (pages): Error: Could not load the default credentials. Browse to https://cloud.google.com/docs/authentication/getting-started for more information.
    at eval (src/lib/firestore.ts:72:59)
    at eval (src/components/MenuListInline.tsx:23:38)
    at Array.map (<anonymous>)
    at MenuListInline (src/components/MenuListInline.tsx:22:15)
  70 |       // The doc ID in Firestore is a slugified version of title_en
  71 |       const docId = pageTitle.toLowerCase().replace(/[^a-z0-9]+/g, '-').replace(/^-+|-+$/g, '');
> 72 |       const doc = await db.collection("pages").doc(docId).get();
     |                                                           ^
  73 |       if (doc.exists) {
  74 |         return doc.data() as PageData;
  75 |       }
Firestore fetching error (pages): Error: Could not load the default credentials. Browse to https://cloud.google.com/docs/authentication/getting-started for more information.
    at eval (src/lib/firestore.ts:72:59)
    at eval (src/components/MenuListInline.tsx:23:38)
    at Array.map (<anonymous>)
    at MenuListInline (src/components/MenuListInline.tsx:22:15)
  70 |       // The doc ID in Firestore is a slugified version of title_en
  71 |       const docId = pageTitle.toLowerCase().replace(/[^a-z0-9]+/g, '-').replace(/^-+|-+$/g, '');
> 72 |       const doc = await db.collection("pages").doc(docId).get();
     |                                                           ^
  73 |       if (doc.exists) {
  74 |         return doc.data() as PageData;
  75 |       }
Firestore fetching error (pages): Error: Could not load the default credentials. Browse to https://cloud.google.com/docs/authentication/getting-started for more information.
    at eval (src/lib/firestore.ts:72:59)
    at eval (src/app/[lang]/layout.tsx:100:42)
    at Array.map (<anonymous>)
    at getMenuItems (src/app/[lang]/layout.tsx:96:20)
    at RootLayout (src/app/[lang]/layout.tsx:200:27)
  70 |       // The doc ID in Firestore is a slugified version of title_en
  71 |       const docId = pageTitle.toLowerCase().replace(/[^a-z0-9]+/g, '-').replace(/^-+|-+$/g, '');
> 72 |       const doc = await db.collection("pages").doc(docId).get();
     |                                                           ^
  73 |       if (doc.exists) {
  74 |         return doc.data() as PageData;
  75 |       }
 HEAD /menu/buds 200 in 29734ms
Firestore fetching error (pages): Error: Could not load the default credentials. Browse to https://cloud.google.com/docs/authentication/getting-started for more information.
    at eval (src/lib/firestore.ts:72:59)
    at eval (src/app/[lang]/layout.tsx:100:42)
    at Array.map (<anonymous>)
    at getMenuItems (src/app/[lang]/layout.tsx:96:20)
    at RootLayout (src/app/[lang]/layout.tsx:200:27)
  70 |       // The doc ID in Firestore is a slugified version of title_en
  71 |       const docId = pageTitle.toLowerCase().replace(/[^a-z0-9]+/g, '-').replace(/^-+|-+$/g, '');
> 72 |       const doc = await db.collection("pages").doc(docId).get();
     |                                                           ^
  73 |       if (doc.exists) {
  74 |         return doc.data() as PageData;
  75 |       }
Firestore fetching error (pages): Error: Could not load the default credentials. Browse to https://cloud.google.com/docs/authentication/getting-started for more information.
    at eval (src/lib/firestore.ts:72:59)
    at eval (src/app/[lang]/layout.tsx:100:42)
    at Array.map (<anonymous>)
    at getMenuItems (src/app/[lang]/layout.tsx:96:20)
    at RootLayout (src/app/[lang]/layout.tsx:200:27)
  70 |       // The doc ID in Firestore is a slugified version of title_en
  71 |       const docId = pageTitle.toLowerCase().replace(/[^a-z0-9]+/g, '-').replace(/^-+|-+$/g, '');
> 72 |       const doc = await db.collection("pages").doc(docId).get();
     |                                                           ^
  73 |       if (doc.exists) {
  74 |         return doc.data() as PageData;
  75 |       }
Firestore fetching error (pages): Error: Could not load the default credentials. Browse to https://cloud.google.com/docs/authentication/getting-started for more information.
    at eval (src/lib/firestore.ts:72:59)
    at eval (src/app/[lang]/layout.tsx:100:42)
    at Array.map (<anonymous>)
    at getMenuItems (src/app/[lang]/layout.tsx:96:20)
    at RootLayout (src/app/[lang]/layout.tsx:200:27)
  70 |       // The doc ID in Firestore is a slugified version of title_en
  71 |       const docId = pageTitle.toLowerCase().replace(/[^a-z0-9]+/g, '-').replace(/^-+|-+$/g, '');
> 72 |       const doc = await db.collection("pages").doc(docId).get();
     |                                                           ^
  73 |       if (doc.exists) {
  74 |         return doc.data() as PageData;
  75 |       }
Firestore fetching error (pages): Error: Could not load the default credentials. Browse to https://cloud.google.com/docs/authentication/getting-started for more information.
    at eval (src/lib/firestore.ts:72:59)
    at eval (src/app/[lang]/layout.tsx:100:42)
    at Array.map (<anonymous>)
    at getMenuItems (src/app/[lang]/layout.tsx:96:20)
    at RootLayout (src/app/[lang]/layout.tsx:200:27)
  70 |       // The doc ID in Firestore is a slugified version of title_en
  71 |       const docId = pageTitle.toLowerCase().replace(/[^a-z0-9]+/g, '-').replace(/^-+|-+$/g, '');
> 72 |       const doc = await db.collection("pages").doc(docId).get();
     |                                                           ^
  73 |       if (doc.exists) {
  74 |         return doc.data() as PageData;
  75 |       }
Firestore fetching error (pages): Error: Could not load the default credentials. Browse to https://cloud.google.com/docs/authentication/getting-started for more information.
    at eval (src/lib/firestore.ts:72:59)
    at eval (src/app/[lang]/layout.tsx:100:42)
    at Array.map (<anonymous>)
    at getMenuItems (src/app/[lang]/layout.tsx:96:20)
    at RootLayout (src/app/[lang]/layout.tsx:200:27)
  70 |       // The doc ID in Firestore is a slugified version of title_en
  71 |       const docId = pageTitle.toLowerCase().replace(/[^a-z0-9]+/g, '-').replace(/^-+|-+$/g, '');
> 72 |       const doc = await db.collection("pages").doc(docId).get();
     |                                                           ^
  73 |       if (doc.exists) {
  74 |         return doc.data() as PageData;
  75 |       }
Firestore fetching error (pages): Error: Could not load the default credentials. Browse to https://cloud.google.com/docs/authentication/getting-started for more information.
    at eval (src/lib/firestore.ts:72:59)
    at eval (src/app/[lang]/layout.tsx:100:42)
    at Array.map (<anonymous>)
    at getMenuItems (src/app/[lang]/layout.tsx:96:20)
    at RootLayout (src/app/[lang]/layout.tsx:200:27)
  70 |       // The doc ID in Firestore is a slugified version of title_en
  71 |       const docId = pageTitle.toLowerCase().replace(/[^a-z0-9]+/g, '-').replace(/^-+|-+$/g, '');
> 72 |       const doc = await db.collection("pages").doc(docId).get();
     |                                                           ^
  73 |       if (doc.exists) {
  74 |         return doc.data() as PageData;
  75 |       }
Firestore fetching error (pages): Error: Could not load the default credentials. Browse to https://cloud.google.com/docs/authentication/getting-started for more information.
    at eval (src/lib/firestore.ts:72:59)
    at eval (src/app/[lang]/layout.tsx:100:42)
    at Array.map (<anonymous>)
    at getMenuItems (src/app/[lang]/layout.tsx:96:20)
    at RootLayout (src/app/[lang]/layout.tsx:200:27)
  70 |       // The doc ID in Firestore is a slugified version of title_en
  71 |       const docId = pageTitle.toLowerCase().replace(/[^a-z0-9]+/g, '-').replace(/^-+|-+$/g, '');
> 72 |       const doc = await db.collection("pages").doc(docId).get();
     |                                                           ^
  73 |       if (doc.exists) {
  74 |         return doc.data() as PageData;
  75 |       }
Firestore fetching error (pages): Error: Could not load the default credentials. Browse to https://cloud.google.com/docs/authentication/getting-started for more information.
    at eval (src/lib/firestore.ts:72:59)
    at eval (src/app/[lang]/layout.tsx:100:42)
    at Array.map (<anonymous>)
    at getMenuItems (src/app/[lang]/layout.tsx:96:20)
    at RootLayout (src/app/[lang]/layout.tsx:200:27)
  70 |       // The doc ID in Firestore is a slugified version of title_en
  71 |       const docId = pageTitle.toLowerCase().replace(/[^a-z0-9]+/g, '-').replace(/^-+|-+$/g, '');
> 72 |       const doc = await db.collection("pages").doc(docId).get();
     |                                                           ^
  73 |       if (doc.exists) {
  74 |         return doc.data() as PageData;
  75 |       }
Firestore fetching error (pages): Error: Could not load the default credentials. Browse to https://cloud.google.com/docs/authentication/getting-started for more information.
    at eval (src/lib/firestore.ts:72:59)
    at eval (src/app/[lang]/layout.tsx:100:42)
    at Array.map (<anonymous>)
    at getMenuItems (src/app/[lang]/layout.tsx:96:20)
    at RootLayout (src/app/[lang]/layout.tsx:200:27)
  70 |       // The doc ID in Firestore is a slugified version of title_en
  71 |       const docId = pageTitle.toLowerCase().replace(/[^a-z0-9]+/g, '-').replace(/^-+|-+$/g, '');
> 72 |       const doc = await db.collection("pages").doc(docId).get();
     |                                                           ^
  73 |       if (doc.exists) {
  74 |         return doc.data() as PageData;
  75 |       }
Firestore fetching error (pages): Error: Could not load the default credentials. Browse to https://cloud.google.com/docs/authentication/getting-started for more information.
    at eval (src/lib/firestore.ts:72:59)
    at eval (src/app/[lang]/layout.tsx:100:42)
    at Array.map (<anonymous>)
    at getMenuItems (src/app/[lang]/layout.tsx:96:20)
    at RootLayout (src/app/[lang]/layout.tsx:200:27)
  70 |       // The doc ID in Firestore is a slugified version of title_en
  71 |       const docId = pageTitle.toLowerCase().replace(/[^a-z0-9]+/g, '-').replace(/^-+|-+$/g, '');
> 72 |       const doc = await db.collection("pages").doc(docId).get();
     |                                                           ^
  73 |       if (doc.exists) {
  74 |         return doc.data() as PageData;
  75 |       }
Firestore fetching error (pages): Error: Could not load the default credentials. Browse to https://cloud.google.com/docs/authentication/getting-started for more information.
    at eval (src/lib/firestore.ts:72:59)
    at eval (src/app/[lang]/layout.tsx:100:42)
    at Array.map (<anonymous>)
    at getMenuItems (src/app/[lang]/layout.tsx:96:20)
    at RootLayout (src/app/[lang]/layout.tsx:200:27)
  70 |       // The doc ID in Firestore is a slugified version of title_en
  71 |       const docId = pageTitle.toLowerCase().replace(/[^a-z0-9]+/g, '-').replace(/^-+|-+$/g, '');
> 72 |       const doc = await db.collection("pages").doc(docId).get();
     |                                                           ^
  73 |       if (doc.exists) {
  74 |         return doc.data() as PageData;
  75 |       }
[Firebase Admin] Initializing... {
  appsLength: 0,
  nodeEnv: 'development',
  hasClientEmail: false,
  hasPrivateKey: false
}
[Products] products.ts loaded
Firestore fetching error (pages): Error: Could not load the default credentials. Browse to https://cloud.google.com/docs/authentication/getting-started for more information.
    at eval (src/lib/firestore.ts:72:59)
    at BudsPage (src/app/[lang]/menu/buds/page.tsx:33:38)
  70 |       // The doc ID in Firestore is a slugified version of title_en
  71 |       const docId = pageTitle.toLowerCase().replace(/[^a-z0-9]+/g, '-').replace(/^-+|-+$/g, '');
> 72 |       const doc = await db.collection("pages").doc(docId).get();
     |                                                           ^
  73 |       if (doc.exists) {
  74 |         return doc.data() as PageData;
  75 |       }
Firestore fetching error (locations): Error: Could not load the default credentials. Browse to https://cloud.google.com/docs/authentication/getting-started for more information.
    at getAllFromCollection (src/lib/firestore.ts:59:58)
    at eval (src/lib/firestore.ts:152:22)
    at getOrganizationData (src/lib/organization-data.ts:9:42)
    at RootLayout (src/app/[lang]/layout.tsx:182:53)
  57 | async function getAllFromCollection<T extends FirebaseFirestore.DocumentData>(collectionName: string): Promise<T[]> {
  58 |   try {
> 59 |     const snapshot = await db.collection(collectionName).get();
     |                                                          ^
  60 |     return snapshot.docs.map(doc => doc.data() as T);
  61 |   } catch (error) {
  62 |     console.error(`Firestore fetching error (${collectionName}):`, error);
Firestore fetching error (socials): Error: Could not load the default credentials. Browse to https://cloud.google.com/docs/authentication/getting-started for more information.
    at getAllFromCollection (src/lib/firestore.ts:59:58)
    at eval (src/lib/firestore.ts:270:10)
    at RootLayout (src/app/[lang]/layout.tsx:183:39)
  57 | async function getAllFromCollection<T extends FirebaseFirestore.DocumentData>(collectionName: string): Promise<T[]> {
  58 |   try {
> 59 |     const snapshot = await db.collection(collectionName).get();
     |                                                          ^
  60 |     return snapshot.docs.map(doc => doc.data() as T);
  61 |   } catch (error) {
  62 |     console.error(`Firestore fetching error (${collectionName}):`, error);
Firestore fetching error (products): Error: Could not load the default credentials. Browse to https://cloud.google.com/docs/authentication/getting-started for more information.
    at getAllFromCollection (src/lib/firestore.ts:59:58)
    at eval (src/lib/firestore.ts:336:26)
    at fetchProductsFromFirestore (src/lib/products.ts:9:45)
    at getProducts (src/lib/products.ts:139:22)
    at getFilteredProductsForMenu (src/lib/products.ts:164:29)
    at BudsPage (src/app/[lang]/menu/buds/page.tsx:48:52)
  57 | async function getAllFromCollection<T extends FirebaseFirestore.DocumentData>(collectionName: string): Promise<T[]> {
  58 |   try {
> 59 |     const snapshot = await db.collection(collectionName).get();
     |                                                          ^
  60 |     return snapshot.docs.map(doc => doc.data() as T);
  61 |   } catch (error) {
  62 |     console.error(`Firestore fetching error (${collectionName}):`, error);
[Products] Raw products from Firestore: 0
[Products] Mapped category counts: {}
[Products] Successfully mapped 0 products.
Fetched Products: []
Firestore fetching error (pages): Error: Could not load the default credentials. Browse to https://cloud.google.com/docs/authentication/getting-started for more information.
    at eval (src/lib/firestore.ts:72:59)
    at eval (src/components/MenuListInline.tsx:23:38)
    at Array.map (<anonymous>)
    at MenuListInline (src/components/MenuListInline.tsx:22:15)
  70 |       // The doc ID in Firestore is a slugified version of title_en
  71 |       const docId = pageTitle.toLowerCase().replace(/[^a-z0-9]+/g, '-').replace(/^-+|-+$/g, '');
> 72 |       const doc = await db.collection("pages").doc(docId).get();
     |                                                           ^
  73 |       if (doc.exists) {
  74 |         return doc.data() as PageData;
  75 |       }
Firestore fetching error (pages): Error: Could not load the default credentials. Browse to https://cloud.google.com/docs/authentication/getting-started for more information.
    at eval (src/lib/firestore.ts:72:59)
    at eval (src/components/MenuListInline.tsx:23:38)
    at Array.map (<anonymous>)
    at MenuListInline (src/components/MenuListInline.tsx:22:15)
  70 |       // The doc ID in Firestore is a slugified version of title_en
  71 |       const docId = pageTitle.toLowerCase().replace(/[^a-z0-9]+/g, '-').replace(/^-+|-+$/g, '');
> 72 |       const doc = await db.collection("pages").doc(docId).get();
     |                                                           ^
  73 |       if (doc.exists) {
  74 |         return doc.data() as PageData;
  75 |       }
Firestore fetching error (sections): Error: Could not load the default credentials. Browse to https://cloud.google.com/docs/authentication/getting-started for more information.
    at getAllFromCollection (src/lib/firestore.ts:59:58)
    at eval (src/lib/firestore.ts:389:10)
    at RootLayout (src/app/[lang]/layout.tsx:184:41)
  57 | async function getAllFromCollection<T extends FirebaseFirestore.DocumentData>(collectionName: string): Promise<T[]> {
  58 |   try {
> 59 |     const snapshot = await db.collection(collectionName).get();
     |                                                          ^
  60 |     return snapshot.docs.map(doc => doc.data() as T);
  61 |   } catch (error) {
  62 |     console.error(`Firestore fetching error (${collectionName}):`, error);
Firestore fetching error (pages): Error: Could not load the default credentials. Browse to https://cloud.google.com/docs/authentication/getting-started for more information.
    at eval (src/lib/firestore.ts:72:59)
    at eval (src/components/MenuListInline.tsx:23:38)
    at Array.map (<anonymous>)
    at MenuListInline (src/components/MenuListInline.tsx:22:15)
  70 |       // The doc ID in Firestore is a slugified version of title_en
  71 |       const docId = pageTitle.toLowerCase().replace(/[^a-z0-9]+/g, '-').replace(/^-+|-+$/g, '');
> 72 |       const doc = await db.collection("pages").doc(docId).get();
     |                                                           ^
  73 |       if (doc.exists) {
  74 |         return doc.data() as PageData;
  75 |       }
Firestore fetching error (pages): Error: Could not load the default credentials. Browse to https://cloud.google.com/docs/authentication/getting-started for more information.
    at eval (src/lib/firestore.ts:72:59)
    at eval (src/components/MenuListInline.tsx:23:38)
    at Array.map (<anonymous>)
    at MenuListInline (src/components/MenuListInline.tsx:22:15)
  70 |       // The doc ID in Firestore is a slugified version of title_en
  71 |       const docId = pageTitle.toLowerCase().replace(/[^a-z0-9]+/g, '-').replace(/^-+|-+$/g, '');
> 72 |       const doc = await db.collection("pages").doc(docId).get();
     |                                                           ^
  73 |       if (doc.exists) {
  74 |         return doc.data() as PageData;
  75 |       }
Firestore fetching error (pages): Error: Could not load the default credentials. Browse to https://cloud.google.com/docs/authentication/getting-started for more information.
    at eval (src/lib/firestore.ts:72:59)
    at eval (src/app/[lang]/layout.tsx:100:42)
    at Array.map (<anonymous>)
    at getMenuItems (src/app/[lang]/layout.tsx:96:20)
    at RootLayout (src/app/[lang]/layout.tsx:200:27)
  70 |       // The doc ID in Firestore is a slugified version of title_en
  71 |       const docId = pageTitle.toLowerCase().replace(/[^a-z0-9]+/g, '-').replace(/^-+|-+$/g, '');
> 72 |       const doc = await db.collection("pages").doc(docId).get();
     |                                                           ^
  73 |       if (doc.exists) {
  74 |         return doc.data() as PageData;
  75 |       }
Firestore fetching error (pages): Error: Could not load the default credentials. Browse to https://cloud.google.com/docs/authentication/getting-started for more information.
    at eval (src/lib/firestore.ts:72:59)
    at eval (src/app/[lang]/layout.tsx:100:42)
    at Array.map (<anonymous>)
    at getMenuItems (src/app/[lang]/layout.tsx:96:20)
    at RootLayout (src/app/[lang]/layout.tsx:200:27)
  70 |       // The doc ID in Firestore is a slugified version of title_en
  71 |       const docId = pageTitle.toLowerCase().replace(/[^a-z0-9]+/g, '-').replace(/^-+|-+$/g, '');
> 72 |       const doc = await db.collection("pages").doc(docId).get();
     |                                                           ^
  73 |       if (doc.exists) {
  74 |         return doc.data() as PageData;
  75 |       }
Firestore fetching error (pages): Error: Could not load the default credentials. Browse to https://cloud.google.com/docs/authentication/getting-started for more information.
    at eval (src/lib/firestore.ts:72:59)
    at eval (src/app/[lang]/layout.tsx:100:42)
    at Array.map (<anonymous>)
    at getMenuItems (src/app/[lang]/layout.tsx:96:20)
    at RootLayout (src/app/[lang]/layout.tsx:200:27)
  70 |       // The doc ID in Firestore is a slugified version of title_en
  71 |       const docId = pageTitle.toLowerCase().replace(/[^a-z0-9]+/g, '-').replace(/^-+|-+$/g, '');
> 72 |       const doc = await db.collection("pages").doc(docId).get();
     |                                                           ^
  73 |       if (doc.exists) {
  74 |         return doc.data() as PageData;
  75 |       }
Firestore fetching error (pages): Error: Could not load the default credentials. Browse to https://cloud.google.com/docs/authentication/getting-started for more information.
    at eval (src/lib/firestore.ts:72:59)
    at eval (src/app/[lang]/layout.tsx:100:42)
    at Array.map (<anonymous>)
    at getMenuItems (src/app/[lang]/layout.tsx:96:20)
    at RootLayout (src/app/[lang]/layout.tsx:200:27)
  70 |       // The doc ID in Firestore is a slugified version of title_en
  71 |       const docId = pageTitle.toLowerCase().replace(/[^a-z0-9]+/g, '-').replace(/^-+|-+$/g, '');
> 72 |       const doc = await db.collection("pages").doc(docId).get();
     |                                                           ^
  73 |       if (doc.exists) {
  74 |         return doc.data() as PageData;
  75 |       }
Firestore fetching error (pages): Error: Could not load the default credentials. Browse to https://cloud.google.com/docs/authentication/getting-started for more information.
    at eval (src/lib/firestore.ts:72:59)
    at eval (src/app/[lang]/layout.tsx:100:42)
    at Array.map (<anonymous>)
    at getMenuItems (src/app/[lang]/layout.tsx:96:20)
    at RootLayout (src/app/[lang]/layout.tsx:200:27)
  70 |       // The doc ID in Firestore is a slugified version of title_en
  71 |       const docId = pageTitle.toLowerCase().replace(/[^a-z0-9]+/g, '-').replace(/^-+|-+$/g, '');
> 72 |       const doc = await db.collection("pages").doc(docId).get();
     |                                                           ^
  73 |       if (doc.exists) {
  74 |         return doc.data() as PageData;
  75 |       }
Firestore fetching error (pages): Error: Could not load the default credentials. Browse to https://cloud.google.com/docs/authentication/getting-started for more information.
    at eval (src/lib/firestore.ts:72:59)
    at eval (src/app/[lang]/layout.tsx:100:42)
    at Array.map (<anonymous>)
    at getMenuItems (src/app/[lang]/layout.tsx:96:20)
    at RootLayout (src/app/[lang]/layout.tsx:200:27)
  70 |       // The doc ID in Firestore is a slugified version of title_en
  71 |       const docId = pageTitle.toLowerCase().replace(/[^a-z0-9]+/g, '-').replace(/^-+|-+$/g, '');
> 72 |       const doc = await db.collection("pages").doc(docId).get();
     |                                                           ^
  73 |       if (doc.exists) {
  74 |         return doc.data() as PageData;
  75 |       }
Firestore fetching error (pages): Error: Could not load the default credentials. Browse to https://cloud.google.com/docs/authentication/getting-started for more information.
    at eval (src/lib/firestore.ts:72:59)
    at eval (src/app/[lang]/layout.tsx:100:42)
    at Array.map (<anonymous>)
    at getMenuItems (src/app/[lang]/layout.tsx:96:20)
    at RootLayout (src/app/[lang]/layout.tsx:200:27)
  70 |       // The doc ID in Firestore is a slugified version of title_en
  71 |       const docId = pageTitle.toLowerCase().replace(/[^a-z0-9]+/g, '-').replace(/^-+|-+$/g, '');
> 72 |       const doc = await db.collection("pages").doc(docId).get();
     |                                                           ^
  73 |       if (doc.exists) {
  74 |         return doc.data() as PageData;
  75 |       }
Firestore fetching error (pages): Error: Could not load the default credentials. Browse to https://cloud.google.com/docs/authentication/getting-started for more information.
    at eval (src/lib/firestore.ts:72:59)
    at eval (src/app/[lang]/layout.tsx:100:42)
    at Array.map (<anonymous>)
    at getMenuItems (src/app/[lang]/layout.tsx:96:20)
    at RootLayout (src/app/[lang]/layout.tsx:200:27)
  70 |       // The doc ID in Firestore is a slugified version of title_en
  71 |       const docId = pageTitle.toLowerCase().replace(/[^a-z0-9]+/g, '-').replace(/^-+|-+$/g, '');
> 72 |       const doc = await db.collection("pages").doc(docId).get();
     |                                                           ^
  73 |       if (doc.exists) {
  74 |         return doc.data() as PageData;
  75 |       }
Firestore fetching error (pages): Error: Could not load the default credentials. Browse to https://cloud.google.com/docs/authentication/getting-started for more information.
    at eval (src/lib/firestore.ts:72:59)
    at eval (src/app/[lang]/layout.tsx:100:42)
    at Array.map (<anonymous>)
    at getMenuItems (src/app/[lang]/layout.tsx:96:20)
    at RootLayout (src/app/[lang]/layout.tsx:200:27)
  70 |       // The doc ID in Firestore is a slugified version of title_en
  71 |       const docId = pageTitle.toLowerCase().replace(/[^a-z0-9]+/g, '-').replace(/^-+|-+$/g, '');
> 72 |       const doc = await db.collection("pages").doc(docId).get();
     |                                                           ^
  73 |       if (doc.exists) {
  74 |         return doc.data() as PageData;
  75 |       }
Firestore fetching error (pages): Error: Could not load the default credentials. Browse to https://cloud.google.com/docs/authentication/getting-started for more information.
    at eval (src/lib/firestore.ts:72:59)
    at eval (src/app/[lang]/layout.tsx:100:42)
    at Array.map (<anonymous>)
    at getMenuItems (src/app/[lang]/layout.tsx:96:20)
    at RootLayout (src/app/[lang]/layout.tsx:200:27)
  70 |       // The doc ID in Firestore is a slugified version of title_en
  71 |       const docId = pageTitle.toLowerCase().replace(/[^a-z0-9]+/g, '-').replace(/^-+|-+$/g, '');
> 72 |       const doc = await db.collection("pages").doc(docId).get();
     |                                                           ^
  73 |       if (doc.exists) {
  74 |         return doc.data() as PageData;
  75 |       }
Firestore fetching error (pages): Error: Could not load the default credentials. Browse to https://cloud.google.com/docs/authentication/getting-started for more information.
    at eval (src/lib/firestore.ts:72:59)
    at eval (src/app/[lang]/layout.tsx:100:42)
    at Array.map (<anonymous>)
    at getMenuItems (src/app/[lang]/layout.tsx:96:20)
    at RootLayout (src/app/[lang]/layout.tsx:200:27)
  70 |       // The doc ID in Firestore is a slugified version of title_en
  71 |       const docId = pageTitle.toLowerCase().replace(/[^a-z0-9]+/g, '-').replace(/^-+|-+$/g, '');
> 72 |       const doc = await db.collection("pages").doc(docId).get();
     |                                                           ^
  73 |       if (doc.exists) {
  74 |         return doc.data() as PageData;
  75 |       }
Firestore fetching error (pages): Error: Could not load the default credentials. Browse to https://cloud.google.com/docs/authentication/getting-started for more information.
    at eval (src/lib/firestore.ts:72:59)
    at eval (src/app/[lang]/layout.tsx:100:42)
    at Array.map (<anonymous>)
    at getMenuItems (src/app/[lang]/layout.tsx:96:20)
    at RootLayout (src/app/[lang]/layout.tsx:200:27)
  70 |       // The doc ID in Firestore is a slugified version of title_en
  71 |       const docId = pageTitle.toLowerCase().replace(/[^a-z0-9]+/g, '-').replace(/^-+|-+$/g, '');
> 72 |       const doc = await db.collection("pages").doc(docId).get();
     |                                                           ^
  73 |       if (doc.exists) {
  74 |         return doc.data() as PageData;
  75 |       }
 GET /menu/buds 200 in 39080ms
 HEAD /menu/buds 200 in 1006ms
[Firebase Admin] Initializing... {
  appsLength: 0,
  nodeEnv: 'development',
  hasClientEmail: false,
  hasPrivateKey: false
}
[Products] products.ts loaded
Firestore fetching error (locations): Error: Could not load the default credentials. Browse to https://cloud.google.com/docs/authentication/getting-started for more information.
    at getAllFromCollection (src/lib/firestore.ts:59:58)
    at eval (src/lib/firestore.ts:152:22)
    at getOrganizationData (src/lib/organization-data.ts:9:42)
    at RootLayout (src/app/[lang]/layout.tsx:182:53)
  57 | async function getAllFromCollection<T extends FirebaseFirestore.DocumentData>(collectionName: string): Promise<T[]> {
  58 |   try {
> 59 |     const snapshot = await db.collection(collectionName).get();
     |                                                          ^
  60 |     return snapshot.docs.map(doc => doc.data() as T);
  61 |   } catch (error) {
  62 |     console.error(`Firestore fetching error (${collectionName}):`, error);
Firestore fetching error (pages): Error: Could not load the default credentials. Browse to https://cloud.google.com/docs/authentication/getting-started for more information.
    at eval (src/lib/firestore.ts:72:59)
    at BudsPage (src/app/[lang]/menu/buds/page.tsx:33:38)
  70 |       // The doc ID in Firestore is a slugified version of title_en
  71 |       const docId = pageTitle.toLowerCase().replace(/[^a-z0-9]+/g, '-').replace(/^-+|-+$/g, '');
> 72 |       const doc = await db.collection("pages").doc(docId).get();
     |                                                           ^
  73 |       if (doc.exists) {
  74 |         return doc.data() as PageData;
  75 |       }
Firestore fetching error (socials): Error: Could not load the default credentials. Browse to https://cloud.google.com/docs/authentication/getting-started for more information.
    at getAllFromCollection (src/lib/firestore.ts:59:58)
    at eval (src/lib/firestore.ts:270:10)
    at RootLayout (src/app/[lang]/layout.tsx:183:39)
  57 | async function getAllFromCollection<T extends FirebaseFirestore.DocumentData>(collectionName: string): Promise<T[]> {
  58 |   try {
> 59 |     const snapshot = await db.collection(collectionName).get();
     |                                                          ^
  60 |     return snapshot.docs.map(doc => doc.data() as T);
  61 |   } catch (error) {
  62 |     console.error(`Firestore fetching error (${collectionName}):`, error);
Firestore fetching error (products): Error: Could not load the default credentials. Browse to https://cloud.google.com/docs/authentication/getting-started for more information.
    at getAllFromCollection (src/lib/firestore.ts:59:58)
    at eval (src/lib/firestore.ts:336:26)
    at fetchProductsFromFirestore (src/lib/products.ts:9:45)
    at getProducts (src/lib/products.ts:139:22)
    at getFilteredProductsForMenu (src/lib/products.ts:164:29)
    at BudsPage (src/app/[lang]/menu/buds/page.tsx:48:52)
  57 | async function getAllFromCollection<T extends FirebaseFirestore.DocumentData>(collectionName: string): Promise<T[]> {
  58 |   try {
> 59 |     const snapshot = await db.collection(collectionName).get();
     |                                                          ^
  60 |     return snapshot.docs.map(doc => doc.data() as T);
  61 |   } catch (error) {
  62 |     console.error(`Firestore fetching error (${collectionName}):`, error);
[Products] Raw products from Firestore: 0
[Products] Mapped category counts: {}
[Products] Successfully mapped 0 products.
Fetched Products: []
Firestore fetching error (sections): Error: Could not load the default credentials. Browse to https://cloud.google.com/docs/authentication/getting-started for more information.
    at getAllFromCollection (src/lib/firestore.ts:59:58)
    at eval (src/lib/firestore.ts:389:10)
    at RootLayout (src/app/[lang]/layout.tsx:184:41)
  57 | async function getAllFromCollection<T extends FirebaseFirestore.DocumentData>(collectionName: string): Promise<T[]> {
  58 |   try {
> 59 |     const snapshot = await db.collection(collectionName).get();
     |                                                          ^
  60 |     return snapshot.docs.map(doc => doc.data() as T);
  61 |   } catch (error) {
  62 |     console.error(`Firestore fetching error (${collectionName}):`, error);
Firestore fetching error (pages): Error: Could not load the default credentials. Browse to https://cloud.google.com/docs/authentication/getting-started for more information.
    at eval (src/lib/firestore.ts:72:59)
    at eval (src/components/MenuListInline.tsx:23:38)
    at Array.map (<anonymous>)
    at MenuListInline (src/components/MenuListInline.tsx:22:15)
  70 |       // The doc ID in Firestore is a slugified version of title_en
  71 |       const docId = pageTitle.toLowerCase().replace(/[^a-z0-9]+/g, '-').replace(/^-+|-+$/g, '');
> 72 |       const doc = await db.collection("pages").doc(docId).get();
     |                                                           ^
  73 |       if (doc.exists) {
  74 |         return doc.data() as PageData;
  75 |       }
Firestore fetching error (pages): Error: Could not load the default credentials. Browse to https://cloud.google.com/docs/authentication/getting-started for more information.
    at eval (src/lib/firestore.ts:72:59)
    at eval (src/components/MenuListInline.tsx:23:38)
    at Array.map (<anonymous>)
    at MenuListInline (src/components/MenuListInline.tsx:22:15)
  70 |       // The doc ID in Firestore is a slugified version of title_en
  71 |       const docId = pageTitle.toLowerCase().replace(/[^a-z0-9]+/g, '-').replace(/^-+|-+$/g, '');
> 72 |       const doc = await db.collection("pages").doc(docId).get();
     |                                                           ^
  73 |       if (doc.exists) {
  74 |         return doc.data() as PageData;
  75 |       }
Firestore fetching error (pages): Error: Could not load the default credentials. Browse to https://cloud.google.com/docs/authentication/getting-started for more information.
    at eval (src/lib/firestore.ts:72:59)
    at eval (src/components/MenuListInline.tsx:23:38)
    at Array.map (<anonymous>)
    at MenuListInline (src/components/MenuListInline.tsx:22:15)
  70 |       // The doc ID in Firestore is a slugified version of title_en
  71 |       const docId = pageTitle.toLowerCase().replace(/[^a-z0-9]+/g, '-').replace(/^-+|-+$/g, '');
> 72 |       const doc = await db.collection("pages").doc(docId).get();
     |                                                           ^
  73 |       if (doc.exists) {
  74 |         return doc.data() as PageData;
  75 |       }
Firestore fetching error (pages): Error: Could not load the default credentials. Browse to https://cloud.google.com/docs/authentication/getting-started for more information.
    at eval (src/lib/firestore.ts:72:59)
    at eval (src/components/MenuListInline.tsx:23:38)
    at Array.map (<anonymous>)
    at MenuListInline (src/components/MenuListInline.tsx:22:15)
  70 |       // The doc ID in Firestore is a slugified version of title_en
  71 |       const docId = pageTitle.toLowerCase().replace(/[^a-z0-9]+/g, '-').replace(/^-+|-+$/g, '');
> 72 |       const doc = await db.collection("pages").doc(docId).get();
     |                                                           ^
  73 |       if (doc.exists) {
  74 |         return doc.data() as PageData;
  75 |       }
[Firebase Admin] Initializing... {
  appsLength: 0,
  nodeEnv: 'development',
  hasClientEmail: false,
  hasPrivateKey: false
}
[Products] products.ts loaded
Firestore fetching error (pages): Error: Could not load the default credentials. Browse to https://cloud.google.com/docs/authentication/getting-started for more information.
    at eval (src/lib/firestore.ts:72:59)
    at eval (src/app/[lang]/layout.tsx:100:42)
    at Array.map (<anonymous>)
    at getMenuItems (src/app/[lang]/layout.tsx:96:20)
    at RootLayout (src/app/[lang]/layout.tsx:200:27)
  70 |       // The doc ID in Firestore is a slugified version of title_en
  71 |       const docId = pageTitle.toLowerCase().replace(/[^a-z0-9]+/g, '-').replace(/^-+|-+$/g, '');
> 72 |       const doc = await db.collection("pages").doc(docId).get();
     |                                                           ^
  73 |       if (doc.exists) {
  74 |         return doc.data() as PageData;
  75 |       }
Firestore fetching error (pages): Error: Could not load the default credentials. Browse to https://cloud.google.com/docs/authentication/getting-started for more information.
    at eval (src/lib/firestore.ts:72:59)
    at eval (src/app/[lang]/layout.tsx:100:42)
    at Array.map (<anonymous>)
    at getMenuItems (src/app/[lang]/layout.tsx:96:20)
    at RootLayout (src/app/[lang]/layout.tsx:200:27)
  70 |       // The doc ID in Firestore is a slugified version of title_en
  71 |       const docId = pageTitle.toLowerCase().replace(/[^a-z0-9]+/g, '-').replace(/^-+|-+$/g, '');
> 72 |       const doc = await db.collection("pages").doc(docId).get();
     |                                                           ^
  73 |       if (doc.exists) {
  74 |         return doc.data() as PageData;
  75 |       }
Firestore fetching error (pages): Error: Could not load the default credentials. Browse to https://cloud.google.com/docs/authentication/getting-started for more information.
    at eval (src/lib/firestore.ts:72:59)
    at eval (src/app/[lang]/layout.tsx:100:42)
    at Array.map (<anonymous>)
    at getMenuItems (src/app/[lang]/layout.tsx:96:20)
    at RootLayout (src/app/[lang]/layout.tsx:200:27)
  70 |       // The doc ID in Firestore is a slugified version of title_en
  71 |       const docId = pageTitle.toLowerCase().replace(/[^a-z0-9]+/g, '-').replace(/^-+|-+$/g, '');
> 72 |       const doc = await db.collection("pages").doc(docId).get();
     |                                                           ^
  73 |       if (doc.exists) {
  74 |         return doc.data() as PageData;
  75 |       }
Firestore fetching error (pages): Error: Could not load the default credentials. Browse to https://cloud.google.com/docs/authentication/getting-started for more information.
    at eval (src/lib/firestore.ts:72:59)
    at eval (src/app/[lang]/layout.tsx:100:42)
    at Array.map (<anonymous>)
    at getMenuItems (src/app/[lang]/layout.tsx:96:20)
    at RootLayout (src/app/[lang]/layout.tsx:200:27)
  70 |       // The doc ID in Firestore is a slugified version of title_en
  71 |       const docId = pageTitle.toLowerCase().replace(/[^a-z0-9]+/g, '-').replace(/^-+|-+$/g, '');
> 72 |       const doc = await db.collection("pages").doc(docId).get();
     |                                                           ^
  73 |       if (doc.exists) {
  74 |         return doc.data() as PageData;
  75 |       }
Firestore fetching error (pages): Error: Could not load the default credentials. Browse to https://cloud.google.com/docs/authentication/getting-started for more information.
    at eval (src/lib/firestore.ts:72:59)
    at eval (src/app/[lang]/layout.tsx:100:42)
    at Array.map (<anonymous>)
    at getMenuItems (src/app/[lang]/layout.tsx:96:20)
    at RootLayout (src/app/[lang]/layout.tsx:200:27)
  70 |       // The doc ID in Firestore is a slugified version of title_en
  71 |       const docId = pageTitle.toLowerCase().replace(/[^a-z0-9]+/g, '-').replace(/^-+|-+$/g, '');
> 72 |       const doc = await db.collection("pages").doc(docId).get();
     |                                                           ^
  73 |       if (doc.exists) {
  74 |         return doc.data() as PageData;
  75 |       }
Firestore fetching error (locations): Error: Could not load the default credentials. Browse to https://cloud.google.com/docs/authentication/getting-started for more information.
    at getAllFromCollection (src/lib/firestore.ts:59:58)
    at eval (src/lib/firestore.ts:152:22)
    at getOrganizationData (src/lib/organization-data.ts:9:42)
    at RootLayout (src/app/[lang]/layout.tsx:182:53)
  57 | async function getAllFromCollection<T extends FirebaseFirestore.DocumentData>(collectionName: string): Promise<T[]> {
  58 |   try {
> 59 |     const snapshot = await db.collection(collectionName).get();
     |                                                          ^
  60 |     return snapshot.docs.map(doc => doc.data() as T);
  61 |   } catch (error) {
  62 |     console.error(`Firestore fetching error (${collectionName}):`, error);
Firestore fetching error (pages): Error: Could not load the default credentials. Browse to https://cloud.google.com/docs/authentication/getting-started for more information.
    at eval (src/lib/firestore.ts:72:59)
    at eval (src/app/[lang]/layout.tsx:100:42)
    at Array.map (<anonymous>)
    at getMenuItems (src/app/[lang]/layout.tsx:96:20)
    at RootLayout (src/app/[lang]/layout.tsx:200:27)
  70 |       // The doc ID in Firestore is a slugified version of title_en
  71 |       const docId = pageTitle.toLowerCase().replace(/[^a-z0-9]+/g, '-').replace(/^-+|-+$/g, '');
> 72 |       const doc = await db.collection("pages").doc(docId).get();
     |                                                           ^
  73 |       if (doc.exists) {
  74 |         return doc.data() as PageData;
  75 |       }
Firestore fetching error (pages): Error: Could not load the default credentials. Browse to https://cloud.google.com/docs/authentication/getting-started for more information.
    at eval (src/lib/firestore.ts:72:59)
    at eval (src/app/[lang]/layout.tsx:100:42)
    at Array.map (<anonymous>)
    at getMenuItems (src/app/[lang]/layout.tsx:96:20)
    at RootLayout (src/app/[lang]/layout.tsx:200:27)
  70 |       // The doc ID in Firestore is a slugified version of title_en
  71 |       const docId = pageTitle.toLowerCase().replace(/[^a-z0-9]+/g, '-').replace(/^-+|-+$/g, '');
> 72 |       const doc = await db.collection("pages").doc(docId).get();
     |                                                           ^
  73 |       if (doc.exists) {
  74 |         return doc.data() as PageData;
  75 |       }
Firestore fetching error (pages): Error: Could not load the default credentials. Browse to https://cloud.google.com/docs/authentication/getting-started for more information.
    at eval (src/lib/firestore.ts:72:59)
    at eval (src/app/[lang]/layout.tsx:100:42)
    at Array.map (<anonymous>)
    at getMenuItems (src/app/[lang]/layout.tsx:96:20)
    at RootLayout (src/app/[lang]/layout.tsx:200:27)
  70 |       // The doc ID in Firestore is a slugified version of title_en
  71 |       const docId = pageTitle.toLowerCase().replace(/[^a-z0-9]+/g, '-').replace(/^-+|-+$/g, '');
> 72 |       const doc = await db.collection("pages").doc(docId).get();
     |                                                           ^
  73 |       if (doc.exists) {
  74 |         return doc.data() as PageData;
  75 |       }
Firestore fetching error (pages): Error: Could not load the default credentials. Browse to https://cloud.google.com/docs/authentication/getting-started for more information.
    at eval (src/lib/firestore.ts:72:59)
    at eval (src/app/[lang]/layout.tsx:100:42)
    at Array.map (<anonymous>)
    at getMenuItems (src/app/[lang]/layout.tsx:96:20)
    at RootLayout (src/app/[lang]/layout.tsx:200:27)
  70 |       // The doc ID in Firestore is a slugified version of title_en
  71 |       const docId = pageTitle.toLowerCase().replace(/[^a-z0-9]+/g, '-').replace(/^-+|-+$/g, '');
> 72 |       const doc = await db.collection("pages").doc(docId).get();
     |                                                           ^
  73 |       if (doc.exists) {
  74 |         return doc.data() as PageData;
  75 |       }
Firestore fetching error (pages): Error: Could not load the default credentials. Browse to https://cloud.google.com/docs/authentication/getting-started for more information.
    at eval (src/lib/firestore.ts:72:59)
    at eval (src/app/[lang]/layout.tsx:100:42)
    at Array.map (<anonymous>)
    at getMenuItems (src/app/[lang]/layout.tsx:96:20)
    at RootLayout (src/app/[lang]/layout.tsx:200:27)
  70 |       // The doc ID in Firestore is a slugified version of title_en
  71 |       const docId = pageTitle.toLowerCase().replace(/[^a-z0-9]+/g, '-').replace(/^-+|-+$/g, '');
> 72 |       const doc = await db.collection("pages").doc(docId).get();
     |                                                           ^
  73 |       if (doc.exists) {
  74 |         return doc.data() as PageData;
  75 |       }
Firestore fetching error (pages): Error: Could not load the default credentials. Browse to https://cloud.google.com/docs/authentication/getting-started for more information.
    at eval (src/lib/firestore.ts:72:59)
    at BudsPage (src/app/[lang]/menu/buds/page.tsx:33:38)
  70 |       // The doc ID in Firestore is a slugified version of title_en
  71 |       const docId = pageTitle.toLowerCase().replace(/[^a-z0-9]+/g, '-').replace(/^-+|-+$/g, '');
> 72 |       const doc = await db.collection("pages").doc(docId).get();
     |                                                           ^
  73 |       if (doc.exists) {
  74 |         return doc.data() as PageData;
  75 |       }
Firestore fetching error (pages): Error: Could not load the default credentials. Browse to https://cloud.google.com/docs/authentication/getting-started for more information.
    at eval (src/lib/firestore.ts:72:59)
    at eval (src/app/[lang]/layout.tsx:100:42)
    at Array.map (<anonymous>)
    at getMenuItems (src/app/[lang]/layout.tsx:96:20)
    at RootLayout (src/app/[lang]/layout.tsx:200:27)
  70 |       // The doc ID in Firestore is a slugified version of title_en
  71 |       const docId = pageTitle.toLowerCase().replace(/[^a-z0-9]+/g, '-').replace(/^-+|-+$/g, '');
> 72 |       const doc = await db.collection("pages").doc(docId).get();
     |                                                           ^
  73 |       if (doc.exists) {
  74 |         return doc.data() as PageData;
  75 |       }
Firestore fetching error (pages): Error: Could not load the default credentials. Browse to https://cloud.google.com/docs/authentication/getting-started for more information.
    at eval (src/lib/firestore.ts:72:59)
    at eval (src/app/[lang]/layout.tsx:100:42)
    at Array.map (<anonymous>)
    at getMenuItems (src/app/[lang]/layout.tsx:96:20)
    at RootLayout (src/app/[lang]/layout.tsx:200:27)
  70 |       // The doc ID in Firestore is a slugified version of title_en
  71 |       const docId = pageTitle.toLowerCase().replace(/[^a-z0-9]+/g, '-').replace(/^-+|-+$/g, '');
> 72 |       const doc = await db.collection("pages").doc(docId).get();
     |                                                           ^
  73 |       if (doc.exists) {
  74 |         return doc.data() as PageData;
  75 |       }
Firestore fetching error (products): Error: Could not load the default credentials. Browse to https://cloud.google.com/docs/authentication/getting-started for more information.
    at getAllFromCollection (src/lib/firestore.ts:59:58)
    at eval (src/lib/firestore.ts:336:26)
    at fetchProductsFromFirestore (src/lib/products.ts:9:45)
    at getProducts (src/lib/products.ts:139:22)
    at getFilteredProductsForMenu (src/lib/products.ts:164:29)
    at BudsPage (src/app/[lang]/menu/buds/page.tsx:48:52)
  57 | async function getAllFromCollection<T extends FirebaseFirestore.DocumentData>(collectionName: string): Promise<T[]> {
  58 |   try {
> 59 |     const snapshot = await db.collection(collectionName).get();
     |                                                          ^
  60 |     return snapshot.docs.map(doc => doc.data() as T);
  61 |   } catch (error) {
  62 |     console.error(`Firestore fetching error (${collectionName}):`, error);
[Products] Raw products from Firestore: 0
[Products] Mapped category counts: {}
[Products] Successfully mapped 0 products.
Fetched Products: []
Firestore fetching error (socials): Error: Could not load the default credentials. Browse to https://cloud.google.com/docs/authentication/getting-started for more information.
    at getAllFromCollection (src/lib/firestore.ts:59:58)
    at eval (src/lib/firestore.ts:270:10)
    at RootLayout (src/app/[lang]/layout.tsx:183:39)
  57 | async function getAllFromCollection<T extends FirebaseFirestore.DocumentData>(collectionName: string): Promise<T[]> {
  58 |   try {
> 59 |     const snapshot = await db.collection(collectionName).get();
     |                                                          ^
  60 |     return snapshot.docs.map(doc => doc.data() as T);
  61 |   } catch (error) {
  62 |     console.error(`Firestore fetching error (${collectionName}):`, error);
Firestore fetching error (pages): Error: Could not load the default credentials. Browse to https://cloud.google.com/docs/authentication/getting-started for more information.
    at eval (src/lib/firestore.ts:72:59)
    at eval (src/components/MenuListInline.tsx:23:38)
    at Array.map (<anonymous>)
    at MenuListInline (src/components/MenuListInline.tsx:22:15)
  70 |       // The doc ID in Firestore is a slugified version of title_en
  71 |       const docId = pageTitle.toLowerCase().replace(/[^a-z0-9]+/g, '-').replace(/^-+|-+$/g, '');
> 72 |       const doc = await db.collection("pages").doc(docId).get();
     |                                                           ^
  73 |       if (doc.exists) {
  74 |         return doc.data() as PageData;
  75 |       }
Firestore fetching error (pages): Error: Could not load the default credentials. Browse to https://cloud.google.com/docs/authentication/getting-started for more information.
    at eval (src/lib/firestore.ts:72:59)
    at eval (src/components/MenuListInline.tsx:23:38)
    at Array.map (<anonymous>)
    at MenuListInline (src/components/MenuListInline.tsx:22:15)
  70 |       // The doc ID in Firestore is a slugified version of title_en
  71 |       const docId = pageTitle.toLowerCase().replace(/[^a-z0-9]+/g, '-').replace(/^-+|-+$/g, '');
> 72 |       const doc = await db.collection("pages").doc(docId).get();
     |                                                           ^
  73 |       if (doc.exists) {
  74 |         return doc.data() as PageData;
  75 |       }
Firestore fetching error (pages): Error: Could not load the default credentials. Browse to https://cloud.google.com/docs/authentication/getting-started for more information.
    at eval (src/lib/firestore.ts:72:59)
    at eval (src/components/MenuListInline.tsx:23:38)
    at Array.map (<anonymous>)
    at MenuListInline (src/components/MenuListInline.tsx:22:15)
  70 |       // The doc ID in Firestore is a slugified version of title_en
  71 |       const docId = pageTitle.toLowerCase().replace(/[^a-z0-9]+/g, '-').replace(/^-+|-+$/g, '');
> 72 |       const doc = await db.collection("pages").doc(docId).get();
     |                                                           ^
  73 |       if (doc.exists) {
  74 |         return doc.data() as PageData;
  75 |       }
Firestore fetching error (pages): Error: Could not load the default credentials. Browse to https://cloud.google.com/docs/authentication/getting-started for more information.
    at eval (src/lib/firestore.ts:72:59)
    at eval (src/components/MenuListInline.tsx:23:38)
    at Array.map (<anonymous>)
    at MenuListInline (src/components/MenuListInline.tsx:22:15)
  70 |       // The doc ID in Firestore is a slugified version of title_en
  71 |       const docId = pageTitle.toLowerCase().replace(/[^a-z0-9]+/g, '-').replace(/^-+|-+$/g, '');
> 72 |       const doc = await db.collection("pages").doc(docId).get();
     |                                                           ^
  73 |       if (doc.exists) {
  74 |         return doc.data() as PageData;
  75 |       }
Firestore fetching error (sections): Error: Could not load the default credentials. Browse to https://cloud.google.com/docs/authentication/getting-started for more information.
    at getAllFromCollection (src/lib/firestore.ts:59:58)
    at eval (src/lib/firestore.ts:389:10)
    at RootLayout (src/app/[lang]/layout.tsx:184:41)
  57 | async function getAllFromCollection<T extends FirebaseFirestore.DocumentData>(collectionName: string): Promise<T[]> {
  58 |   try {
> 59 |     const snapshot = await db.collection(collectionName).get();
     |                                                          ^
  60 |     return snapshot.docs.map(doc => doc.data() as T);
  61 |   } catch (error) {
  62 |     console.error(`Firestore fetching error (${collectionName}):`, error);
Firestore fetching error (pages): Error: Could not load the default credentials. Browse to https://cloud.google.com/docs/authentication/getting-started for more information.
    at eval (src/lib/firestore.ts:72:59)
    at eval (src/app/[lang]/layout.tsx:100:42)
    at Array.map (<anonymous>)
    at getMenuItems (src/app/[lang]/layout.tsx:96:20)
    at RootLayout (src/app/[lang]/layout.tsx:200:27)
  70 |       // The doc ID in Firestore is a slugified version of title_en
  71 |       const docId = pageTitle.toLowerCase().replace(/[^a-z0-9]+/g, '-').replace(/^-+|-+$/g, '');
> 72 |       const doc = await db.collection("pages").doc(docId).get();
     |                                                           ^
  73 |       if (doc.exists) {
  74 |         return doc.data() as PageData;
  75 |       }
Firestore fetching error (pages): Error: Could not load the default credentials. Browse to https://cloud.google.com/docs/authentication/getting-started for more information.
    at eval (src/lib/firestore.ts:72:59)
    at eval (src/app/[lang]/layout.tsx:100:42)
    at Array.map (<anonymous>)
    at getMenuItems (src/app/[lang]/layout.tsx:96:20)
    at RootLayout (src/app/[lang]/layout.tsx:200:27)
  70 |       // The doc ID in Firestore is a slugified version of title_en
  71 |       const docId = pageTitle.toLowerCase().replace(/[^a-z0-9]+/g, '-').replace(/^-+|-+$/g, '');
> 72 |       const doc = await db.collection("pages").doc(docId).get();
     |                                                           ^
  73 |       if (doc.exists) {
  74 |         return doc.data() as PageData;
  75 |       }
Firestore fetching error (pages): Error: Could not load the default credentials. Browse to https://cloud.google.com/docs/authentication/getting-started for more information.
    at eval (src/lib/firestore.ts:72:59)
    at eval (src/app/[lang]/layout.tsx:100:42)
    at Array.map (<anonymous>)
    at getMenuItems (src/app/[lang]/layout.tsx:96:20)
    at RootLayout (src/app/[lang]/layout.tsx:200:27)
  70 |       // The doc ID in Firestore is a slugified version of title_en
  71 |       const docId = pageTitle.toLowerCase().replace(/[^a-z0-9]+/g, '-').replace(/^-+|-+$/g, '');
> 72 |       const doc = await db.collection("pages").doc(docId).get();
     |                                                           ^
  73 |       if (doc.exists) {
  74 |         return doc.data() as PageData;
  75 |       }
Firestore fetching error (pages): Error: Could not load the default credentials. Browse to https://cloud.google.com/docs/authentication/getting-started for more information.
    at eval (src/lib/firestore.ts:72:59)
    at eval (src/app/[lang]/layout.tsx:100:42)
    at Array.map (<anonymous>)
    at getMenuItems (src/app/[lang]/layout.tsx:96:20)
    at RootLayout (src/app/[lang]/layout.tsx:200:27)
  70 |       // The doc ID in Firestore is a slugified version of title_en
  71 |       const docId = pageTitle.toLowerCase().replace(/[^a-z0-9]+/g, '-').replace(/^-+|-+$/g, '');
> 72 |       const doc = await db.collection("pages").doc(docId).get();
     |                                                           ^
  73 |       if (doc.exists) {
  74 |         return doc.data() as PageData;
  75 |       }
Firestore fetching error (pages): Error: Could not load the default credentials. Browse to https://cloud.google.com/docs/authentication/getting-started for more information.
    at eval (src/lib/firestore.ts:72:59)
    at eval (src/app/[lang]/layout.tsx:100:42)
    at Array.map (<anonymous>)
    at getMenuItems (src/app/[lang]/layout.tsx:96:20)
    at RootLayout (src/app/[lang]/layout.tsx:200:27)
  70 |       // The doc ID in Firestore is a slugified version of title_en
  71 |       const docId = pageTitle.toLowerCase().replace(/[^a-z0-9]+/g, '-').replace(/^-+|-+$/g, '');
> 72 |       const doc = await db.collection("pages").doc(docId).get();
     |                                                           ^
  73 |       if (doc.exists) {
  74 |         return doc.data() as PageData;
  75 |       }
Firestore fetching error (pages): Error: Could not load the default credentials. Browse to https://cloud.google.com/docs/authentication/getting-started for more information.
    at eval (src/lib/firestore.ts:72:59)
    at eval (src/app/[lang]/layout.tsx:100:42)
    at Array.map (<anonymous>)
    at getMenuItems (src/app/[lang]/layout.tsx:96:20)
    at RootLayout (src/app/[lang]/layout.tsx:200:27)
  70 |       // The doc ID in Firestore is a slugified version of title_en
  71 |       const docId = pageTitle.toLowerCase().replace(/[^a-z0-9]+/g, '-').replace(/^-+|-+$/g, '');
> 72 |       const doc = await db.collection("pages").doc(docId).get();
     |                                                           ^
  73 |       if (doc.exists) {
  74 |         return doc.data() as PageData;
  75 |       }
Firestore fetching error (pages): Error: Could not load the default credentials. Browse to https://cloud.google.com/docs/authentication/getting-started for more information.
    at eval (src/lib/firestore.ts:72:59)
    at eval (src/app/[lang]/layout.tsx:100:42)
    at Array.map (<anonymous>)
    at getMenuItems (src/app/[lang]/layout.tsx:96:20)
    at RootLayout (src/app/[lang]/layout.tsx:200:27)
  70 |       // The doc ID in Firestore is a slugified version of title_en
  71 |       const docId = pageTitle.toLowerCase().replace(/[^a-z0-9]+/g, '-').replace(/^-+|-+$/g, '');
> 72 |       const doc = await db.collection("pages").doc(docId).get();
     |                                                           ^
  73 |       if (doc.exists) {
  74 |         return doc.data() as PageData;
  75 |       }
Firestore fetching error (pages): Error: Could not load the default credentials. Browse to https://cloud.google.com/docs/authentication/getting-started for more information.
    at eval (src/lib/firestore.ts:72:59)
    at eval (src/app/[lang]/layout.tsx:100:42)
    at Array.map (<anonymous>)
    at getMenuItems (src/app/[lang]/layout.tsx:96:20)
    at RootLayout (src/app/[lang]/layout.tsx:200:27)
  70 |       // The doc ID in Firestore is a slugified version of title_en
  71 |       const docId = pageTitle.toLowerCase().replace(/[^a-z0-9]+/g, '-').replace(/^-+|-+$/g, '');
> 72 |       const doc = await db.collection("pages").doc(docId).get();
     |                                                           ^
  73 |       if (doc.exists) {
  74 |         return doc.data() as PageData;
  75 |       }
Firestore fetching error (pages): Error: Could not load the default credentials. Browse to https://cloud.google.com/docs/authentication/getting-started for more information.
    at eval (src/lib/firestore.ts:72:59)
    at eval (src/app/[lang]/layout.tsx:100:42)
    at Array.map (<anonymous>)
    at getMenuItems (src/app/[lang]/layout.tsx:96:20)
    at RootLayout (src/app/[lang]/layout.tsx:200:27)
  70 |       // The doc ID in Firestore is a slugified version of title_en
  71 |       const docId = pageTitle.toLowerCase().replace(/[^a-z0-9]+/g, '-').replace(/^-+|-+$/g, '');
> 72 |       const doc = await db.collection("pages").doc(docId).get();
     |                                                           ^
  73 |       if (doc.exists) {
  74 |         return doc.data() as PageData;
  75 |       }
Firestore fetching error (pages): Error: Could not load the default credentials. Browse to https://cloud.google.com/docs/authentication/getting-started for more information.
    at eval (src/lib/firestore.ts:72:59)
    at eval (src/app/[lang]/layout.tsx:100:42)
    at Array.map (<anonymous>)
    at getMenuItems (src/app/[lang]/layout.tsx:96:20)
    at RootLayout (src/app/[lang]/layout.tsx:200:27)
  70 |       // The doc ID in Firestore is a slugified version of title_en
  71 |       const docId = pageTitle.toLowerCase().replace(/[^a-z0-9]+/g, '-').replace(/^-+|-+$/g, '');
> 72 |       const doc = await db.collection("pages").doc(docId).get();
     |                                                           ^
  73 |       if (doc.exists) {
  74 |         return doc.data() as PageData;
  75 |       }
Firestore fetching error (pages): Error: Could not load the default credentials. Browse to https://cloud.google.com/docs/authentication/getting-started for more information.
    at eval (src/lib/firestore.ts:72:59)
    at eval (src/app/[lang]/layout.tsx:100:42)
    at Array.map (<anonymous>)
    at getMenuItems (src/app/[lang]/layout.tsx:96:20)
    at RootLayout (src/app/[lang]/layout.tsx:200:27)
  70 |       // The doc ID in Firestore is a slugified version of title_en
  71 |       const docId = pageTitle.toLowerCase().replace(/[^a-z0-9]+/g, '-').replace(/^-+|-+$/g, '');
> 72 |       const doc = await db.collection("pages").doc(docId).get();
     |                                                           ^
  73 |       if (doc.exists) {
  74 |         return doc.data() as PageData;
  75 |       }
Firestore fetching error (pages): Error: Could not load the default credentials. Browse to https://cloud.google.com/docs/authentication/getting-started for more information.
    at eval (src/lib/firestore.ts:72:59)
    at eval (src/app/[lang]/layout.tsx:100:42)
    at Array.map (<anonymous>)
    at getMenuItems (src/app/[lang]/layout.tsx:96:20)
    at RootLayout (src/app/[lang]/layout.tsx:200:27)
  70 |       // The doc ID in Firestore is a slugified version of title_en
  71 |       const docId = pageTitle.toLowerCase().replace(/[^a-z0-9]+/g, '-').replace(/^-+|-+$/g, '');
> 72 |       const doc = await db.collection("pages").doc(docId).get();
     |                                                           ^
  73 |       if (doc.exists) {
  74 |         return doc.data() as PageData;
  75 |       }
 GET /menu/buds 200 in 40999ms
[Firebase Admin] Initializing... {
  appsLength: 0,
  nodeEnv: 'development',
  hasClientEmail: false,
  hasPrivateKey: false
}
[Products] products.ts loaded
Firestore fetching error (pages): Error: Could not load the default credentials. Browse to https://cloud.google.com/docs/authentication/getting-started for more information.
    at eval (src/lib/firestore.ts:72:59)
    at BudsPage (src/app/[lang]/menu/buds/page.tsx:33:38)
  70 |       // The doc ID in Firestore is a slugified version of title_en
  71 |       const docId = pageTitle.toLowerCase().replace(/[^a-z0-9]+/g, '-').replace(/^-+|-+$/g, '');
> 72 |       const doc = await db.collection("pages").doc(docId).get();
     |                                                           ^
  73 |       if (doc.exists) {
  74 |         return doc.data() as PageData;
  75 |       }
Firestore fetching error (locations): Error: Could not load the default credentials. Browse to https://cloud.google.com/docs/authentication/getting-started for more information.
    at getAllFromCollection (src/lib/firestore.ts:59:58)
    at eval (src/lib/firestore.ts:152:22)
    at getOrganizationData (src/lib/organization-data.ts:9:42)
    at RootLayout (src/app/[lang]/layout.tsx:182:53)
  57 | async function getAllFromCollection<T extends FirebaseFirestore.DocumentData>(collectionName: string): Promise<T[]> {
  58 |   try {
> 59 |     const snapshot = await db.collection(collectionName).get();
     |                                                          ^
  60 |     return snapshot.docs.map(doc => doc.data() as T);
  61 |   } catch (error) {
  62 |     console.error(`Firestore fetching error (${collectionName}):`, error);
Firestore fetching error (products): Error: Could not load the default credentials. Browse to https://cloud.google.com/docs/authentication/getting-started for more information.
    at getAllFromCollection (src/lib/firestore.ts:59:58)
    at eval (src/lib/firestore.ts:336:26)
    at fetchProductsFromFirestore (src/lib/products.ts:9:45)
    at getProducts (src/lib/products.ts:139:22)
    at getFilteredProductsForMenu (src/lib/products.ts:164:29)
    at BudsPage (src/app/[lang]/menu/buds/page.tsx:48:52)
  57 | async function getAllFromCollection<T extends FirebaseFirestore.DocumentData>(collectionName: string): Promise<T[]> {
  58 |   try {
> 59 |     const snapshot = await db.collection(collectionName).get();
     |                                                          ^
  60 |     return snapshot.docs.map(doc => doc.data() as T);
  61 |   } catch (error) {
  62 |     console.error(`Firestore fetching error (${collectionName}):`, error);
[Products] Raw products from Firestore: 0
[Products] Mapped category counts: {}
[Products] Successfully mapped 0 products.
Fetched Products: []
Firestore fetching error (socials): Error: Could not load the default credentials. Browse to https://cloud.google.com/docs/authentication/getting-started for more information.
    at getAllFromCollection (src/lib/firestore.ts:59:58)
    at eval (src/lib/firestore.ts:270:10)
    at RootLayout (src/app/[lang]/layout.tsx:183:39)
  57 | async function getAllFromCollection<T extends FirebaseFirestore.DocumentData>(collectionName: string): Promise<T[]> {
  58 |   try {
> 59 |     const snapshot = await db.collection(collectionName).get();
     |                                                          ^
  60 |     return snapshot.docs.map(doc => doc.data() as T);
  61 |   } catch (error) {
  62 |     console.error(`Firestore fetching error (${collectionName}):`, error);
Firestore fetching error (pages): Error: Could not load the default credentials. Browse to https://cloud.google.com/docs/authentication/getting-started for more information.
    at eval (src/lib/firestore.ts:72:59)
    at eval (src/components/MenuListInline.tsx:23:38)
    at Array.map (<anonymous>)
    at MenuListInline (src/components/MenuListInline.tsx:22:15)
  70 |       // The doc ID in Firestore is a slugified version of title_en
  71 |       const docId = pageTitle.toLowerCase().replace(/[^a-z0-9]+/g, '-').replace(/^-+|-+$/g, '');
> 72 |       const doc = await db.collection("pages").doc(docId).get();
     |                                                           ^
  73 |       if (doc.exists) {
  74 |         return doc.data() as PageData;
  75 |       }
Firestore fetching error (pages): Error: Could not load the default credentials. Browse to https://cloud.google.com/docs/authentication/getting-started for more information.
    at eval (src/lib/firestore.ts:72:59)
    at eval (src/components/MenuListInline.tsx:23:38)
    at Array.map (<anonymous>)
    at MenuListInline (src/components/MenuListInline.tsx:22:15)
  70 |       // The doc ID in Firestore is a slugified version of title_en
  71 |       const docId = pageTitle.toLowerCase().replace(/[^a-z0-9]+/g, '-').replace(/^-+|-+$/g, '');
> 72 |       const doc = await db.collection("pages").doc(docId).get();
     |                                                           ^
  73 |       if (doc.exists) {
  74 |         return doc.data() as PageData;
  75 |       }
Firestore fetching error (pages): Error: Could not load the default credentials. Browse to https://cloud.google.com/docs/authentication/getting-started for more information.
    at eval (src/lib/firestore.ts:72:59)
    at eval (src/components/MenuListInline.tsx:23:38)
    at Array.map (<anonymous>)
    at MenuListInline (src/components/MenuListInline.tsx:22:15)
  70 |       // The doc ID in Firestore is a slugified version of title_en
  71 |       const docId = pageTitle.toLowerCase().replace(/[^a-z0-9]+/g, '-').replace(/^-+|-+$/g, '');
> 72 |       const doc = await db.collection("pages").doc(docId).get();
     |                                                           ^
  73 |       if (doc.exists) {
  74 |         return doc.data() as PageData;
  75 |       }
Firestore fetching error (pages): Error: Could not load the default credentials. Browse to https://cloud.google.com/docs/authentication/getting-started for more information.
    at eval (src/lib/firestore.ts:72:59)
    at eval (src/components/MenuListInline.tsx:23:38)
    at Array.map (<anonymous>)
    at MenuListInline (src/components/MenuListInline.tsx:22:15)
  70 |       // The doc ID in Firestore is a slugified version of title_en
  71 |       const docId = pageTitle.toLowerCase().replace(/[^a-z0-9]+/g, '-').replace(/^-+|-+$/g, '');
> 72 |       const doc = await db.collection("pages").doc(docId).get();
     |                                                           ^
  73 |       if (doc.exists) {
  74 |         return doc.data() as PageData;
  75 |       }
Firestore fetching error (sections): Error: Could not load the default credentials. Browse to https://cloud.google.com/docs/authentication/getting-started for more information.
    at getAllFromCollection (src/lib/firestore.ts:59:58)
    at eval (src/lib/firestore.ts:389:10)
    at RootLayout (src/app/[lang]/layout.tsx:184:41)
  57 | async function getAllFromCollection<T extends FirebaseFirestore.DocumentData>(collectionName: string): Promise<T[]> {
  58 |   try {
> 59 |     const snapshot = await db.collection(collectionName).get();
     |                                                          ^
  60 |     return snapshot.docs.map(doc => doc.data() as T);
  61 |   } catch (error) {
  62 |     console.error(`Firestore fetching error (${collectionName}):`, error);
 HEAD /menu/buds 200 in 34815ms
Firestore fetching error (pages): Error: Could not load the default credentials. Browse to https://cloud.google.com/docs/authentication/getting-started for more information.
    at eval (src/lib/firestore.ts:72:59)
    at eval (src/app/[lang]/layout.tsx:100:42)
    at Array.map (<anonymous>)
    at getMenuItems (src/app/[lang]/layout.tsx:96:20)
    at RootLayout (src/app/[lang]/layout.tsx:200:27)
  70 |       // The doc ID in Firestore is a slugified version of title_en
  71 |       const docId = pageTitle.toLowerCase().replace(/[^a-z0-9]+/g, '-').replace(/^-+|-+$/g, '');
> 72 |       const doc = await db.collection("pages").doc(docId).get();
     |                                                           ^
  73 |       if (doc.exists) {
  74 |         return doc.data() as PageData;
  75 |       }
Firestore fetching error (pages): Error: Could not load the default credentials. Browse to https://cloud.google.com/docs/authentication/getting-started for more information.
    at eval (src/lib/firestore.ts:72:59)
    at eval (src/app/[lang]/layout.tsx:100:42)
    at Array.map (<anonymous>)
    at getMenuItems (src/app/[lang]/layout.tsx:96:20)
    at RootLayout (src/app/[lang]/layout.tsx:200:27)
  70 |       // The doc ID in Firestore is a slugified version of title_en
  71 |       const docId = pageTitle.toLowerCase().replace(/[^a-z0-9]+/g, '-').replace(/^-+|-+$/g, '');
> 72 |       const doc = await db.collection("pages").doc(docId).get();
     |                                                           ^
  73 |       if (doc.exists) {
  74 |         return doc.data() as PageData;
  75 |       }
Firestore fetching error (pages): Error: Could not load the default credentials. Browse to https://cloud.google.com/docs/authentication/getting-started for more information.
    at eval (src/lib/firestore.ts:72:59)
    at eval (src/app/[lang]/layout.tsx:100:42)
    at Array.map (<anonymous>)
    at getMenuItems (src/app/[lang]/layout.tsx:96:20)
    at RootLayout (src/app/[lang]/layout.tsx:200:27)
  70 |       // The doc ID in Firestore is a slugified version of title_en
  71 |       const docId = pageTitle.toLowerCase().replace(/[^a-z0-9]+/g, '-').replace(/^-+|-+$/g, '');
> 72 |       const doc = await db.collection("pages").doc(docId).get();
     |                                                           ^
  73 |       if (doc.exists) {
  74 |         return doc.data() as PageData;
  75 |       }
Firestore fetching error (pages): Error: Could not load the default credentials. Browse to https://cloud.google.com/docs/authentication/getting-started for more information.
    at eval (src/lib/firestore.ts:72:59)
    at eval (src/app/[lang]/layout.tsx:100:42)
    at Array.map (<anonymous>)
    at getMenuItems (src/app/[lang]/layout.tsx:96:20)
    at RootLayout (src/app/[lang]/layout.tsx:200:27)
  70 |       // The doc ID in Firestore is a slugified version of title_en
  71 |       const docId = pageTitle.toLowerCase().replace(/[^a-z0-9]+/g, '-').replace(/^-+|-+$/g, '');
> 72 |       const doc = await db.collection("pages").doc(docId).get();
     |                                                           ^
  73 |       if (doc.exists) {
  74 |         return doc.data() as PageData;
  75 |       }
Firestore fetching error (pages): Error: Could not load the default credentials. Browse to https://cloud.google.com/docs/authentication/getting-started for more information.
    at eval (src/lib/firestore.ts:72:59)
    at eval (src/app/[lang]/layout.tsx:100:42)
    at Array.map (<anonymous>)
    at getMenuItems (src/app/[lang]/layout.tsx:96:20)
    at RootLayout (src/app/[lang]/layout.tsx:200:27)
  70 |       // The doc ID in Firestore is a slugified version of title_en
  71 |       const docId = pageTitle.toLowerCase().replace(/[^a-z0-9]+/g, '-').replace(/^-+|-+$/g, '');
> 72 |       const doc = await db.collection("pages").doc(docId).get();
     |                                                           ^
  73 |       if (doc.exists) {
  74 |         return doc.data() as PageData;
  75 |       }
Firestore fetching error (pages): Error: Could not load the default credentials. Browse to https://cloud.google.com/docs/authentication/getting-started for more information.
    at eval (src/lib/firestore.ts:72:59)
    at eval (src/app/[lang]/layout.tsx:100:42)
    at Array.map (<anonymous>)
    at getMenuItems (src/app/[lang]/layout.tsx:96:20)
    at RootLayout (src/app/[lang]/layout.tsx:200:27)
  70 |       // The doc ID in Firestore is a slugified version of title_en
  71 |       const docId = pageTitle.toLowerCase().replace(/[^a-z0-9]+/g, '-').replace(/^-+|-+$/g, '');
> 72 |       const doc = await db.collection("pages").doc(docId).get();
     |                                                           ^
  73 |       if (doc.exists) {
  74 |         return doc.data() as PageData;
  75 |       }
Firestore fetching error (pages): Error: Could not load the default credentials. Browse to https://cloud.google.com/docs/authentication/getting-started for more information.
    at eval (src/lib/firestore.ts:72:59)
    at eval (src/app/[lang]/layout.tsx:100:42)
    at Array.map (<anonymous>)
    at getMenuItems (src/app/[lang]/layout.tsx:96:20)
    at RootLayout (src/app/[lang]/layout.tsx:200:27)
  70 |       // The doc ID in Firestore is a slugified version of title_en
  71 |       const docId = pageTitle.toLowerCase().replace(/[^a-z0-9]+/g, '-').replace(/^-+|-+$/g, '');
> 72 |       const doc = await db.collection("pages").doc(docId).get();
     |                                                           ^
  73 |       if (doc.exists) {
  74 |         return doc.data() as PageData;
  75 |       }
Firestore fetching error (pages): Error: Could not load the default credentials. Browse to https://cloud.google.com/docs/authentication/getting-started for more information.
    at eval (src/lib/firestore.ts:72:59)
    at eval (src/app/[lang]/layout.tsx:100:42)
    at Array.map (<anonymous>)
    at getMenuItems (src/app/[lang]/layout.tsx:96:20)
    at RootLayout (src/app/[lang]/layout.tsx:200:27)
  70 |       // The doc ID in Firestore is a slugified version of title_en
  71 |       const docId = pageTitle.toLowerCase().replace(/[^a-z0-9]+/g, '-').replace(/^-+|-+$/g, '');
> 72 |       const doc = await db.collection("pages").doc(docId).get();
     |                                                           ^
  73 |       if (doc.exists) {
  74 |         return doc.data() as PageData;
  75 |       }
Firestore fetching error (pages): Error: Could not load the default credentials. Browse to https://cloud.google.com/docs/authentication/getting-started for more information.
    at eval (src/lib/firestore.ts:72:59)
    at eval (src/app/[lang]/layout.tsx:100:42)
    at Array.map (<anonymous>)
    at getMenuItems (src/app/[lang]/layout.tsx:96:20)
    at RootLayout (src/app/[lang]/layout.tsx:200:27)
  70 |       // The doc ID in Firestore is a slugified version of title_en
  71 |       const docId = pageTitle.toLowerCase().replace(/[^a-z0-9]+/g, '-').replace(/^-+|-+$/g, '');
> 72 |       const doc = await db.collection("pages").doc(docId).get();
     |                                                           ^
  73 |       if (doc.exists) {
  74 |         return doc.data() as PageData;
  75 |       }
Firestore fetching error (pages): Error: Could not load the default credentials. Browse to https://cloud.google.com/docs/authentication/getting-started for more information.
    at eval (src/lib/firestore.ts:72:59)
    at eval (src/app/[lang]/layout.tsx:100:42)
    at Array.map (<anonymous>)
    at getMenuItems (src/app/[lang]/layout.tsx:96:20)
    at RootLayout (src/app/[lang]/layout.tsx:200:27)
  70 |       // The doc ID in Firestore is a slugified version of title_en
  71 |       const docId = pageTitle.toLowerCase().replace(/[^a-z0-9]+/g, '-').replace(/^-+|-+$/g, '');
> 72 |       const doc = await db.collection("pages").doc(docId).get();
     |                                                           ^
  73 |       if (doc.exists) {
  74 |         return doc.data() as PageData;
  75 |       }
Firestore fetching error (pages): Error: Could not load the default credentials. Browse to https://cloud.google.com/docs/authentication/getting-started for more information.
    at eval (src/lib/firestore.ts:72:59)
    at eval (src/app/[lang]/layout.tsx:100:42)
    at Array.map (<anonymous>)
    at getMenuItems (src/app/[lang]/layout.tsx:96:20)
    at RootLayout (src/app/[lang]/layout.tsx:200:27)
  70 |       // The doc ID in Firestore is a slugified version of title_en
  71 |       const docId = pageTitle.toLowerCase().replace(/[^a-z0-9]+/g, '-').replace(/^-+|-+$/g, '');
> 72 |       const doc = await db.collection("pages").doc(docId).get();
     |                                                           ^
  73 |       if (doc.exists) {
  74 |         return doc.data() as PageData;
  75 |       }
Firestore fetching error (pages): Error: Could not load the default credentials. Browse to https://cloud.google.com/docs/authentication/getting-started for more information.
    at eval (src/lib/firestore.ts:72:59)
    at eval (src/app/[lang]/layout.tsx:100:42)
    at Array.map (<anonymous>)
    at getMenuItems (src/app/[lang]/layout.tsx:96:20)
    at RootLayout (src/app/[lang]/layout.tsx:200:27)
  70 |       // The doc ID in Firestore is a slugified version of title_en
  71 |       const docId = pageTitle.toLowerCase().replace(/[^a-z0-9]+/g, '-').replace(/^-+|-+$/g, '');
> 72 |       const doc = await db.collection("pages").doc(docId).get();
     |                                                           ^
  73 |       if (doc.exists) {
  74 |         return doc.data() as PageData;
  75 |       }
[Firebase Admin] Initializing... {
  appsLength: 0,
  nodeEnv: 'development',
  hasClientEmail: false,
  hasPrivateKey: false
}
[Products] products.ts loaded
Firestore fetching error (locations): Error: Could not load the default credentials. Browse to https://cloud.google.com/docs/authentication/getting-started for more information.
    at getAllFromCollection (src/lib/firestore.ts:59:58)
    at eval (src/lib/firestore.ts:152:22)
    at getOrganizationData (src/lib/organization-data.ts:9:42)
    at RootLayout (src/app/[lang]/layout.tsx:182:53)
  57 | async function getAllFromCollection<T extends FirebaseFirestore.DocumentData>(collectionName: string): Promise<T[]> {
  58 |   try {
> 59 |     const snapshot = await db.collection(collectionName).get();
     |                                                          ^
  60 |     return snapshot.docs.map(doc => doc.data() as T);
  61 |   } catch (error) {
  62 |     console.error(`Firestore fetching error (${collectionName}):`, error);
Firestore fetching error (pages): Error: Could not load the default credentials. Browse to https://cloud.google.com/docs/authentication/getting-started for more information.
    at eval (src/lib/firestore.ts:72:59)
    at BudsPage (src/app/[lang]/menu/buds/page.tsx:33:38)
  70 |       // The doc ID in Firestore is a slugified version of title_en
  71 |       const docId = pageTitle.toLowerCase().replace(/[^a-z0-9]+/g, '-').replace(/^-+|-+$/g, '');
> 72 |       const doc = await db.collection("pages").doc(docId).get();
     |                                                           ^
  73 |       if (doc.exists) {
  74 |         return doc.data() as PageData;
  75 |       }
Firestore fetching error (socials): Error: Could not load the default credentials. Browse to https://cloud.google.com/docs/authentication/getting-started for more information.
    at getAllFromCollection (src/lib/firestore.ts:59:58)
    at eval (src/lib/firestore.ts:270:10)
    at RootLayout (src/app/[lang]/layout.tsx:183:39)
  57 | async function getAllFromCollection<T extends FirebaseFirestore.DocumentData>(collectionName: string): Promise<T[]> {
  58 |   try {
> 59 |     const snapshot = await db.collection(collectionName).get();
     |                                                          ^
  60 |     return snapshot.docs.map(doc => doc.data() as T);
  61 |   } catch (error) {
  62 |     console.error(`Firestore fetching error (${collectionName}):`, error);
Firestore fetching error (products): Error: Could not load the default credentials. Browse to https://cloud.google.com/docs/authentication/getting-started for more information.
    at getAllFromCollection (src/lib/firestore.ts:59:58)
    at eval (src/lib/firestore.ts:336:26)
    at fetchProductsFromFirestore (src/lib/products.ts:9:45)
    at getProducts (src/lib/products.ts:139:22)
    at getFilteredProductsForMenu (src/lib/products.ts:164:29)
    at BudsPage (src/app/[lang]/menu/buds/page.tsx:48:52)
  57 | async function getAllFromCollection<T extends FirebaseFirestore.DocumentData>(collectionName: string): Promise<T[]> {
  58 |   try {
> 59 |     const snapshot = await db.collection(collectionName).get();
     |                                                          ^
  60 |     return snapshot.docs.map(doc => doc.data() as T);
  61 |   } catch (error) {
  62 |     console.error(`Firestore fetching error (${collectionName}):`, error);
[Products] Raw products from Firestore: 0
[Products] Mapped category counts: {}
[Products] Successfully mapped 0 products.
Fetched Products: []
Firestore fetching error (sections): Error: Could not load the default credentials. Browse to https://cloud.google.com/docs/authentication/getting-started for more information.
    at getAllFromCollection (src/lib/firestore.ts:59:58)
    at eval (src/lib/firestore.ts:389:10)
    at RootLayout (src/app/[lang]/layout.tsx:184:41)
  57 | async function getAllFromCollection<T extends FirebaseFirestore.DocumentData>(collectionName: string): Promise<T[]> {
  58 |   try {
> 59 |     const snapshot = await db.collection(collectionName).get();
     |                                                          ^
  60 |     return snapshot.docs.map(doc => doc.data() as T);
  61 |   } catch (error) {
  62 |     console.error(`Firestore fetching error (${collectionName}):`, error);
Firestore fetching error (pages): Error: Could not load the default credentials. Browse to https://cloud.google.com/docs/authentication/getting-started for more information.
    at eval (src/lib/firestore.ts:72:59)
    at eval (src/components/MenuListInline.tsx:23:38)
    at Array.map (<anonymous>)
    at MenuListInline (src/components/MenuListInline.tsx:22:15)
  70 |       // The doc ID in Firestore is a slugified version of title_en
  71 |       const docId = pageTitle.toLowerCase().replace(/[^a-z0-9]+/g, '-').replace(/^-+|-+$/g, '');
> 72 |       const doc = await db.collection("pages").doc(docId).get();
     |                                                           ^
  73 |       if (doc.exists) {
  74 |         return doc.data() as PageData;
  75 |       }
Firestore fetching error (pages): Error: Could not load the default credentials. Browse to https://cloud.google.com/docs/authentication/getting-started for more information.
    at eval (src/lib/firestore.ts:72:59)
    at eval (src/components/MenuListInline.tsx:23:38)
    at Array.map (<anonymous>)
    at MenuListInline (src/components/MenuListInline.tsx:22:15)
  70 |       // The doc ID in Firestore is a slugified version of title_en
  71 |       const docId = pageTitle.toLowerCase().replace(/[^a-z0-9]+/g, '-').replace(/^-+|-+$/g, '');
> 72 |       const doc = await db.collection("pages").doc(docId).get();
     |                                                           ^
  73 |       if (doc.exists) {
  74 |         return doc.data() as PageData;
  75 |       }
Firestore fetching error (pages): Error: Could not load the default credentials. Browse to https://cloud.google.com/docs/authentication/getting-started for more information.
    at eval (src/lib/firestore.ts:72:59)
    at eval (src/components/MenuListInline.tsx:23:38)
    at Array.map (<anonymous>)
    at MenuListInline (src/components/MenuListInline.tsx:22:15)
  70 |       // The doc ID in Firestore is a slugified version of title_en
  71 |       const docId = pageTitle.toLowerCase().replace(/[^a-z0-9]+/g, '-').replace(/^-+|-+$/g, '');
> 72 |       const doc = await db.collection("pages").doc(docId).get();
     |                                                           ^
  73 |       if (doc.exists) {
  74 |         return doc.data() as PageData;
  75 |       }
Firestore fetching error (pages): Error: Could not load the default credentials. Browse to https://cloud.google.com/docs/authentication/getting-started for more information.
    at eval (src/lib/firestore.ts:72:59)
    at eval (src/components/MenuListInline.tsx:23:38)
    at Array.map (<anonymous>)
    at MenuListInline (src/components/MenuListInline.tsx:22:15)
  70 |       // The doc ID in Firestore is a slugified version of title_en
  71 |       const docId = pageTitle.toLowerCase().replace(/[^a-z0-9]+/g, '-').replace(/^-+|-+$/g, '');
> 72 |       const doc = await db.collection("pages").doc(docId).get();
     |                                                           ^
  73 |       if (doc.exists) {
  74 |         return doc.data() as PageData;
  75 |       }
Firestore fetching error (pages): Error: Could not load the default credentials. Browse to https://cloud.google.com/docs/authentication/getting-started for more information.
    at eval (src/lib/firestore.ts:72:59)
    at eval (src/app/[lang]/layout.tsx:100:42)
    at Array.map (<anonymous>)
    at getMenuItems (src/app/[lang]/layout.tsx:96:20)
    at RootLayout (src/app/[lang]/layout.tsx:200:27)
  70 |       // The doc ID in Firestore is a slugified version of title_en
  71 |       const docId = pageTitle.toLowerCase().replace(/[^a-z0-9]+/g, '-').replace(/^-+|-+$/g, '');
> 72 |       const doc = await db.collection("pages").doc(docId).get();
     |                                                           ^
  73 |       if (doc.exists) {
  74 |         return doc.data() as PageData;
  75 |       }
Firestore fetching error (pages): Error: Could not load the default credentials. Browse to https://cloud.google.com/docs/authentication/getting-started for more information.
    at eval (src/lib/firestore.ts:72:59)
    at eval (src/app/[lang]/layout.tsx:100:42)
    at Array.map (<anonymous>)
    at getMenuItems (src/app/[lang]/layout.tsx:96:20)
    at RootLayout (src/app/[lang]/layout.tsx:200:27)
  70 |       // The doc ID in Firestore is a slugified version of title_en
  71 |       const docId = pageTitle.toLowerCase().replace(/[^a-z0-9]+/g, '-').replace(/^-+|-+$/g, '');
> 72 |       const doc = await db.collection("pages").doc(docId).get();
     |                                                           ^
  73 |       if (doc.exists) {
  74 |         return doc.data() as PageData;
  75 |       }
Firestore fetching error (pages): Error: Could not load the default credentials. Browse to https://cloud.google.com/docs/authentication/getting-started for more information.
    at eval (src/lib/firestore.ts:72:59)
    at eval (src/app/[lang]/layout.tsx:100:42)
    at Array.map (<anonymous>)
    at getMenuItems (src/app/[lang]/layout.tsx:96:20)
    at RootLayout (src/app/[lang]/layout.tsx:200:27)
  70 |       // The doc ID in Firestore is a slugified version of title_en
  71 |       const docId = pageTitle.toLowerCase().replace(/[^a-z0-9]+/g, '-').replace(/^-+|-+$/g, '');
> 72 |       const doc = await db.collection("pages").doc(docId).get();
     |                                                           ^
  73 |       if (doc.exists) {
  74 |         return doc.data() as PageData;
  75 |       }
Firestore fetching error (pages): Error: Could not load the default credentials. Browse to https://cloud.google.com/docs/authentication/getting-started for more information.
    at eval (src/lib/firestore.ts:72:59)
    at eval (src/app/[lang]/layout.tsx:100:42)
    at Array.map (<anonymous>)
    at getMenuItems (src/app/[lang]/layout.tsx:96:20)
    at RootLayout (src/app/[lang]/layout.tsx:200:27)
  70 |       // The doc ID in Firestore is a slugified version of title_en
  71 |       const docId = pageTitle.toLowerCase().replace(/[^a-z0-9]+/g, '-').replace(/^-+|-+$/g, '');
> 72 |       const doc = await db.collection("pages").doc(docId).get();
     |                                                           ^
  73 |       if (doc.exists) {
  74 |         return doc.data() as PageData;
  75 |       }
Firestore fetching error (pages): Error: Could not load the default credentials. Browse to https://cloud.google.com/docs/authentication/getting-started for more information.
    at eval (src/lib/firestore.ts:72:59)
    at eval (src/app/[lang]/layout.tsx:100:42)
    at Array.map (<anonymous>)
    at getMenuItems (src/app/[lang]/layout.tsx:96:20)
    at RootLayout (src/app/[lang]/layout.tsx:200:27)
  70 |       // The doc ID in Firestore is a slugified version of title_en
  71 |       const docId = pageTitle.toLowerCase().replace(/[^a-z0-9]+/g, '-').replace(/^-+|-+$/g, '');
> 72 |       const doc = await db.collection("pages").doc(docId).get();
     |                                                           ^
  73 |       if (doc.exists) {
  74 |         return doc.data() as PageData;
  75 |       }
Firestore fetching error (pages): Error: Could not load the default credentials. Browse to https://cloud.google.com/docs/authentication/getting-started for more information.
    at eval (src/lib/firestore.ts:72:59)
    at eval (src/app/[lang]/layout.tsx:100:42)
    at Array.map (<anonymous>)
    at getMenuItems (src/app/[lang]/layout.tsx:96:20)
    at RootLayout (src/app/[lang]/layout.tsx:200:27)
  70 |       // The doc ID in Firestore is a slugified version of title_en
  71 |       const docId = pageTitle.toLowerCase().replace(/[^a-z0-9]+/g, '-').replace(/^-+|-+$/g, '');
> 72 |       const doc = await db.collection("pages").doc(docId).get();
     |                                                           ^
  73 |       if (doc.exists) {
  74 |         return doc.data() as PageData;
  75 |       }
Firestore fetching error (pages): Error: Could not load the default credentials. Browse to https://cloud.google.com/docs/authentication/getting-started for more information.
    at eval (src/lib/firestore.ts:72:59)
    at eval (src/app/[lang]/layout.tsx:100:42)
    at Array.map (<anonymous>)
    at getMenuItems (src/app/[lang]/layout.tsx:96:20)
    at RootLayout (src/app/[lang]/layout.tsx:200:27)
  70 |       // The doc ID in Firestore is a slugified version of title_en
  71 |       const docId = pageTitle.toLowerCase().replace(/[^a-z0-9]+/g, '-').replace(/^-+|-+$/g, '');
> 72 |       const doc = await db.collection("pages").doc(docId).get();
     |                                                           ^
  73 |       if (doc.exists) {
  74 |         return doc.data() as PageData;
  75 |       }
Firestore fetching error (pages): Error: Could not load the default credentials. Browse to https://cloud.google.com/docs/authentication/getting-started for more information.
    at eval (src/lib/firestore.ts:72:59)
    at eval (src/app/[lang]/layout.tsx:100:42)
    at Array.map (<anonymous>)
    at getMenuItems (src/app/[lang]/layout.tsx:96:20)
    at RootLayout (src/app/[lang]/layout.tsx:200:27)
  70 |       // The doc ID in Firestore is a slugified version of title_en
  71 |       const docId = pageTitle.toLowerCase().replace(/[^a-z0-9]+/g, '-').replace(/^-+|-+$/g, '');
> 72 |       const doc = await db.collection("pages").doc(docId).get();
     |                                                           ^
  73 |       if (doc.exists) {
  74 |         return doc.data() as PageData;
  75 |       }
Firestore fetching error (pages): Error: Could not load the default credentials. Browse to https://cloud.google.com/docs/authentication/getting-started for more information.
    at eval (src/lib/firestore.ts:72:59)
    at eval (src/app/[lang]/layout.tsx:100:42)
    at Array.map (<anonymous>)
    at getMenuItems (src/app/[lang]/layout.tsx:96:20)
    at RootLayout (src/app/[lang]/layout.tsx:200:27)
  70 |       // The doc ID in Firestore is a slugified version of title_en
  71 |       const docId = pageTitle.toLowerCase().replace(/[^a-z0-9]+/g, '-').replace(/^-+|-+$/g, '');
> 72 |       const doc = await db.collection("pages").doc(docId).get();
     |                                                           ^
  73 |       if (doc.exists) {
  74 |         return doc.data() as PageData;
  75 |       }
Firestore fetching error (pages): Error: Could not load the default credentials. Browse to https://cloud.google.com/docs/authentication/getting-started for more information.
    at eval (src/lib/firestore.ts:72:59)
    at eval (src/app/[lang]/layout.tsx:100:42)
    at Array.map (<anonymous>)
    at getMenuItems (src/app/[lang]/layout.tsx:96:20)
    at RootLayout (src/app/[lang]/layout.tsx:200:27)
  70 |       // The doc ID in Firestore is a slugified version of title_en
  71 |       const docId = pageTitle.toLowerCase().replace(/[^a-z0-9]+/g, '-').replace(/^-+|-+$/g, '');
> 72 |       const doc = await db.collection("pages").doc(docId).get();
     |                                                           ^
  73 |       if (doc.exists) {
  74 |         return doc.data() as PageData;
  75 |       }
Firestore fetching error (pages): Error: Could not load the default credentials. Browse to https://cloud.google.com/docs/authentication/getting-started for more information.
    at eval (src/lib/firestore.ts:72:59)
    at eval (src/app/[lang]/layout.tsx:100:42)
    at Array.map (<anonymous>)
    at getMenuItems (src/app/[lang]/layout.tsx:96:20)
    at RootLayout (src/app/[lang]/layout.tsx:200:27)
  70 |       // The doc ID in Firestore is a slugified version of title_en
  71 |       const docId = pageTitle.toLowerCase().replace(/[^a-z0-9]+/g, '-').replace(/^-+|-+$/g, '');
> 72 |       const doc = await db.collection("pages").doc(docId).get();
     |                                                           ^
  73 |       if (doc.exists) {
  74 |         return doc.data() as PageData;
  75 |       }
Firestore fetching error (pages): Error: Could not load the default credentials. Browse to https://cloud.google.com/docs/authentication/getting-started for more information.
    at eval (src/lib/firestore.ts:72:59)
    at eval (src/app/[lang]/layout.tsx:100:42)
    at Array.map (<anonymous>)
    at getMenuItems (src/app/[lang]/layout.tsx:96:20)
    at RootLayout (src/app/[lang]/layout.tsx:200:27)
  70 |       // The doc ID in Firestore is a slugified version of title_en
  71 |       const docId = pageTitle.toLowerCase().replace(/[^a-z0-9]+/g, '-').replace(/^-+|-+$/g, '');
> 72 |       const doc = await db.collection("pages").doc(docId).get();
     |                                                           ^
  73 |       if (doc.exists) {
  74 |         return doc.data() as PageData;
  75 |       }
 GET /menu/buds 200 in 33959ms
[Firebase Admin] Initializing... {
  appsLength: 0,
  nodeEnv: 'development',
  hasClientEmail: false,
  hasPrivateKey: false
}
[Products] products.ts loaded
 HEAD /menu/buds 200 in 5699ms
Firestore fetching error (pages): Error: Could not load the default credentials. Browse to https://cloud.google.com/docs/authentication/getting-started for more information.
    at eval (src/lib/firestore.ts:72:59)
    at BudsPage (src/app/[lang]/menu/buds/page.tsx:33:38)
  70 |       // The doc ID in Firestore is a slugified version of title_en
  71 |       const docId = pageTitle.toLowerCase().replace(/[^a-z0-9]+/g, '-').replace(/^-+|-+$/g, '');
> 72 |       const doc = await db.collection("pages").doc(docId).get();
     |                                                           ^
  73 |       if (doc.exists) {
  74 |         return doc.data() as PageData;
  75 |       }
Firestore fetching error (locations): Error: Could not load the default credentials. Browse to https://cloud.google.com/docs/authentication/getting-started for more information.
    at getAllFromCollection (src/lib/firestore.ts:59:58)
    at eval (src/lib/firestore.ts:152:22)
    at getOrganizationData (src/lib/organization-data.ts:9:42)
    at RootLayout (src/app/[lang]/layout.tsx:182:53)
  57 | async function getAllFromCollection<T extends FirebaseFirestore.DocumentData>(collectionName: string): Promise<T[]> {
  58 |   try {
> 59 |     const snapshot = await db.collection(collectionName).get();
     |                                                          ^
  60 |     return snapshot.docs.map(doc => doc.data() as T);
  61 |   } catch (error) {
  62 |     console.error(`Firestore fetching error (${collectionName}):`, error);
Firestore fetching error (products): Error: Could not load the default credentials. Browse to https://cloud.google.com/docs/authentication/getting-started for more information.
    at getAllFromCollection (src/lib/firestore.ts:59:58)
    at eval (src/lib/firestore.ts:336:26)
    at fetchProductsFromFirestore (src/lib/products.ts:9:45)
    at getProducts (src/lib/products.ts:139:22)
    at getFilteredProductsForMenu (src/lib/products.ts:164:29)
    at BudsPage (src/app/[lang]/menu/buds/page.tsx:48:52)
  57 | async function getAllFromCollection<T extends FirebaseFirestore.DocumentData>(collectionName: string): Promise<T[]> {
  58 |   try {
> 59 |     const snapshot = await db.collection(collectionName).get();
     |                                                          ^
  60 |     return snapshot.docs.map(doc => doc.data() as T);
  61 |   } catch (error) {
  62 |     console.error(`Firestore fetching error (${collectionName}):`, error);
[Products] Raw products from Firestore: 0
[Products] Mapped category counts: {}
[Products] Successfully mapped 0 products.
Fetched Products: []
Firestore fetching error (socials): Error: Could not load the default credentials. Browse to https://cloud.google.com/docs/authentication/getting-started for more information.
    at getAllFromCollection (src/lib/firestore.ts:59:58)
    at eval (src/lib/firestore.ts:270:10)
    at RootLayout (src/app/[lang]/layout.tsx:183:39)
  57 | async function getAllFromCollection<T extends FirebaseFirestore.DocumentData>(collectionName: string): Promise<T[]> {
  58 |   try {
> 59 |     const snapshot = await db.collection(collectionName).get();
     |                                                          ^
  60 |     return snapshot.docs.map(doc => doc.data() as T);
  61 |   } catch (error) {
  62 |     console.error(`Firestore fetching error (${collectionName}):`, error);
Firestore fetching error (pages): Error: Could not load the default credentials. Browse to https://cloud.google.com/docs/authentication/getting-started for more information.
    at eval (src/lib/firestore.ts:72:59)
    at eval (src/components/MenuListInline.tsx:23:38)
    at Array.map (<anonymous>)
    at MenuListInline (src/components/MenuListInline.tsx:22:15)
  70 |       // The doc ID in Firestore is a slugified version of title_en
  71 |       const docId = pageTitle.toLowerCase().replace(/[^a-z0-9]+/g, '-').replace(/^-+|-+$/g, '');
> 72 |       const doc = await db.collection("pages").doc(docId).get();
     |                                                           ^
  73 |       if (doc.exists) {
  74 |         return doc.data() as PageData;
  75 |       }
Firestore fetching error (pages): Error: Could not load the default credentials. Browse to https://cloud.google.com/docs/authentication/getting-started for more information.
    at eval (src/lib/firestore.ts:72:59)
    at eval (src/components/MenuListInline.tsx:23:38)
    at Array.map (<anonymous>)
    at MenuListInline (src/components/MenuListInline.tsx:22:15)
  70 |       // The doc ID in Firestore is a slugified version of title_en
  71 |       const docId = pageTitle.toLowerCase().replace(/[^a-z0-9]+/g, '-').replace(/^-+|-+$/g, '');
> 72 |       const doc = await db.collection("pages").doc(docId).get();
     |                                                           ^
  73 |       if (doc.exists) {
  74 |         return doc.data() as PageData;
  75 |       }
Firestore fetching error (pages): Error: Could not load the default credentials. Browse to https://cloud.google.com/docs/authentication/getting-started for more information.
    at eval (src/lib/firestore.ts:72:59)
    at eval (src/components/MenuListInline.tsx:23:38)
    at Array.map (<anonymous>)
    at MenuListInline (src/components/MenuListInline.tsx:22:15)
  70 |       // The doc ID in Firestore is a slugified version of title_en
  71 |       const docId = pageTitle.toLowerCase().replace(/[^a-z0-9]+/g, '-').replace(/^-+|-+$/g, '');
> 72 |       const doc = await db.collection("pages").doc(docId).get();
     |                                                           ^
  73 |       if (doc.exists) {
  74 |         return doc.data() as PageData;
  75 |       }
Firestore fetching error (sections): Error: Could not load the default credentials. Browse to https://cloud.google.com/docs/authentication/getting-started for more information.
    at getAllFromCollection (src/lib/firestore.ts:59:58)
    at eval (src/lib/firestore.ts:389:10)
    at RootLayout (src/app/[lang]/layout.tsx:184:41)
  57 | async function getAllFromCollection<T extends FirebaseFirestore.DocumentData>(collectionName: string): Promise<T[]> {
  58 |   try {
> 59 |     const snapshot = await db.collection(collectionName).get();
     |                                                          ^
  60 |     return snapshot.docs.map(doc => doc.data() as T);
  61 |   } catch (error) {
  62 |     console.error(`Firestore fetching error (${collectionName}):`, error);
Firestore fetching error (pages): Error: Could not load the default credentials. Browse to https://cloud.google.com/docs/authentication/getting-started for more information.
    at eval (src/lib/firestore.ts:72:59)
    at eval (src/components/MenuListInline.tsx:23:38)
    at Array.map (<anonymous>)
    at MenuListInline (src/components/MenuListInline.tsx:22:15)
  70 |       // The doc ID in Firestore is a slugified version of title_en
  71 |       const docId = pageTitle.toLowerCase().replace(/[^a-z0-9]+/g, '-').replace(/^-+|-+$/g, '');
> 72 |       const doc = await db.collection("pages").doc(docId).get();
     |                                                           ^
  73 |       if (doc.exists) {
  74 |         return doc.data() as PageData;
  75 |       }
[Firebase Admin] Initializing... {
  appsLength: 0,
  nodeEnv: 'development',
  hasClientEmail: false,
  hasPrivateKey: false
}
[Products] products.ts loaded
Firestore fetching error (pages): Error: Could not load the default credentials. Browse to https://cloud.google.com/docs/authentication/getting-started for more information.
    at eval (src/lib/firestore.ts:72:59)
    at eval (src/app/[lang]/layout.tsx:100:42)
    at Array.map (<anonymous>)
    at getMenuItems (src/app/[lang]/layout.tsx:96:20)
    at RootLayout (src/app/[lang]/layout.tsx:200:27)
  70 |       // The doc ID in Firestore is a slugified version of title_en
  71 |       const docId = pageTitle.toLowerCase().replace(/[^a-z0-9]+/g, '-').replace(/^-+|-+$/g, '');
> 72 |       const doc = await db.collection("pages").doc(docId).get();
     |                                                           ^
  73 |       if (doc.exists) {
  74 |         return doc.data() as PageData;
  75 |       }
Firestore fetching error (pages): Error: Could not load the default credentials. Browse to https://cloud.google.com/docs/authentication/getting-started for more information.
    at eval (src/lib/firestore.ts:72:59)
    at eval (src/app/[lang]/layout.tsx:100:42)
    at Array.map (<anonymous>)
    at getMenuItems (src/app/[lang]/layout.tsx:96:20)
    at RootLayout (src/app/[lang]/layout.tsx:200:27)
  70 |       // The doc ID in Firestore is a slugified version of title_en
  71 |       const docId = pageTitle.toLowerCase().replace(/[^a-z0-9]+/g, '-').replace(/^-+|-+$/g, '');
> 72 |       const doc = await db.collection("pages").doc(docId).get();
     |                                                           ^
  73 |       if (doc.exists) {
  74 |         return doc.data() as PageData;
  75 |       }
Firestore fetching error (pages): Error: Could not load the default credentials. Browse to https://cloud.google.com/docs/authentication/getting-started for more information.
    at eval (src/lib/firestore.ts:72:59)
    at eval (src/app/[lang]/layout.tsx:100:42)
    at Array.map (<anonymous>)
    at getMenuItems (src/app/[lang]/layout.tsx:96:20)
    at RootLayout (src/app/[lang]/layout.tsx:200:27)
  70 |       // The doc ID in Firestore is a slugified version of title_en
  71 |       const docId = pageTitle.toLowerCase().replace(/[^a-z0-9]+/g, '-').replace(/^-+|-+$/g, '');
> 72 |       const doc = await db.collection("pages").doc(docId).get();
     |                                                           ^
  73 |       if (doc.exists) {
  74 |         return doc.data() as PageData;
  75 |       }
Firestore fetching error (pages): Error: Could not load the default credentials. Browse to https://cloud.google.com/docs/authentication/getting-started for more information.
    at eval (src/lib/firestore.ts:72:59)
    at BudsPage (src/app/[lang]/menu/buds/page.tsx:33:38)
  70 |       // The doc ID in Firestore is a slugified version of title_en
  71 |       const docId = pageTitle.toLowerCase().replace(/[^a-z0-9]+/g, '-').replace(/^-+|-+$/g, '');
> 72 |       const doc = await db.collection("pages").doc(docId).get();
     |                                                           ^
  73 |       if (doc.exists) {
  74 |         return doc.data() as PageData;
  75 |       }
Firestore fetching error (pages): Error: Could not load the default credentials. Browse to https://cloud.google.com/docs/authentication/getting-started for more information.
    at eval (src/lib/firestore.ts:72:59)
    at eval (src/app/[lang]/layout.tsx:100:42)
    at Array.map (<anonymous>)
    at getMenuItems (src/app/[lang]/layout.tsx:96:20)
    at RootLayout (src/app/[lang]/layout.tsx:200:27)
  70 |       // The doc ID in Firestore is a slugified version of title_en
  71 |       const docId = pageTitle.toLowerCase().replace(/[^a-z0-9]+/g, '-').replace(/^-+|-+$/g, '');
> 72 |       const doc = await db.collection("pages").doc(docId).get();
     |                                                           ^
  73 |       if (doc.exists) {
  74 |         return doc.data() as PageData;
  75 |       }
Firestore fetching error (pages): Error: Could not load the default credentials. Browse to https://cloud.google.com/docs/authentication/getting-started for more information.
    at eval (src/lib/firestore.ts:72:59)
    at eval (src/app/[lang]/layout.tsx:100:42)
    at Array.map (<anonymous>)
    at getMenuItems (src/app/[lang]/layout.tsx:96:20)
    at RootLayout (src/app/[lang]/layout.tsx:200:27)
  70 |       // The doc ID in Firestore is a slugified version of title_en
  71 |       const docId = pageTitle.toLowerCase().replace(/[^a-z0-9]+/g, '-').replace(/^-+|-+$/g, '');
> 72 |       const doc = await db.collection("pages").doc(docId).get();
     |                                                           ^
  73 |       if (doc.exists) {
  74 |         return doc.data() as PageData;
  75 |       }
Firestore fetching error (pages): Error: Could not load the default credentials. Browse to https://cloud.google.com/docs/authentication/getting-started for more information.
    at eval (src/lib/firestore.ts:72:59)
    at eval (src/app/[lang]/layout.tsx:100:42)
    at Array.map (<anonymous>)
    at getMenuItems (src/app/[lang]/layout.tsx:96:20)
    at RootLayout (src/app/[lang]/layout.tsx:200:27)
  70 |       // The doc ID in Firestore is a slugified version of title_en
  71 |       const docId = pageTitle.toLowerCase().replace(/[^a-z0-9]+/g, '-').replace(/^-+|-+$/g, '');
> 72 |       const doc = await db.collection("pages").doc(docId).get();
     |                                                           ^
  73 |       if (doc.exists) {
  74 |         return doc.data() as PageData;
  75 |       }
Firestore fetching error (locations): Error: Could not load the default credentials. Browse to https://cloud.google.com/docs/authentication/getting-started for more information.
    at getAllFromCollection (src/lib/firestore.ts:59:58)
    at eval (src/lib/firestore.ts:152:22)
    at getOrganizationData (src/lib/organization-data.ts:9:42)
    at RootLayout (src/app/[lang]/layout.tsx:182:53)
  57 | async function getAllFromCollection<T extends FirebaseFirestore.DocumentData>(collectionName: string): Promise<T[]> {
  58 |   try {
> 59 |     const snapshot = await db.collection(collectionName).get();
     |                                                          ^
  60 |     return snapshot.docs.map(doc => doc.data() as T);
  61 |   } catch (error) {
  62 |     console.error(`Firestore fetching error (${collectionName}):`, error);
Firestore fetching error (pages): Error: Could not load the default credentials. Browse to https://cloud.google.com/docs/authentication/getting-started for more information.
    at eval (src/lib/firestore.ts:72:59)
    at eval (src/app/[lang]/layout.tsx:100:42)
    at Array.map (<anonymous>)
    at getMenuItems (src/app/[lang]/layout.tsx:96:20)
    at RootLayout (src/app/[lang]/layout.tsx:200:27)
  70 |       // The doc ID in Firestore is a slugified version of title_en
  71 |       const docId = pageTitle.toLowerCase().replace(/[^a-z0-9]+/g, '-').replace(/^-+|-+$/g, '');
> 72 |       const doc = await db.collection("pages").doc(docId).get();
     |                                                           ^
  73 |       if (doc.exists) {
  74 |         return doc.data() as PageData;
  75 |       }
Firestore fetching error (pages): Error: Could not load the default credentials. Browse to https://cloud.google.com/docs/authentication/getting-started for more information.
    at eval (src/lib/firestore.ts:72:59)
    at eval (src/app/[lang]/layout.tsx:100:42)
    at Array.map (<anonymous>)
    at getMenuItems (src/app/[lang]/layout.tsx:96:20)
    at RootLayout (src/app/[lang]/layout.tsx:200:27)
  70 |       // The doc ID in Firestore is a slugified version of title_en
  71 |       const docId = pageTitle.toLowerCase().replace(/[^a-z0-9]+/g, '-').replace(/^-+|-+$/g, '');
> 72 |       const doc = await db.collection("pages").doc(docId).get();
     |                                                           ^
  73 |       if (doc.exists) {
  74 |         return doc.data() as PageData;
  75 |       }
Firestore fetching error (pages): Error: Could not load the default credentials. Browse to https://cloud.google.com/docs/authentication/getting-started for more information.
    at eval (src/lib/firestore.ts:72:59)
    at eval (src/app/[lang]/layout.tsx:100:42)
    at Array.map (<anonymous>)
    at getMenuItems (src/app/[lang]/layout.tsx:96:20)
    at RootLayout (src/app/[lang]/layout.tsx:200:27)
  70 |       // The doc ID in Firestore is a slugified version of title_en
  71 |       const docId = pageTitle.toLowerCase().replace(/[^a-z0-9]+/g, '-').replace(/^-+|-+$/g, '');
> 72 |       const doc = await db.collection("pages").doc(docId).get();
     |                                                           ^
  73 |       if (doc.exists) {
  74 |         return doc.data() as PageData;
  75 |       }
Firestore fetching error (pages): Error: Could not load the default credentials. Browse to https://cloud.google.com/docs/authentication/getting-started for more information.
    at eval (src/lib/firestore.ts:72:59)
    at eval (src/app/[lang]/layout.tsx:100:42)
    at Array.map (<anonymous>)
    at getMenuItems (src/app/[lang]/layout.tsx:96:20)
    at RootLayout (src/app/[lang]/layout.tsx:200:27)
  70 |       // The doc ID in Firestore is a slugified version of title_en
  71 |       const docId = pageTitle.toLowerCase().replace(/[^a-z0-9]+/g, '-').replace(/^-+|-+$/g, '');
> 72 |       const doc = await db.collection("pages").doc(docId).get();
     |                                                           ^
  73 |       if (doc.exists) {
  74 |         return doc.data() as PageData;
  75 |       }
Firestore fetching error (pages): Error: Could not load the default credentials. Browse to https://cloud.google.com/docs/authentication/getting-started for more information.
    at eval (src/lib/firestore.ts:72:59)
    at eval (src/app/[lang]/layout.tsx:100:42)
    at Array.map (<anonymous>)
    at getMenuItems (src/app/[lang]/layout.tsx:96:20)
    at RootLayout (src/app/[lang]/layout.tsx:200:27)
  70 |       // The doc ID in Firestore is a slugified version of title_en
  71 |       const docId = pageTitle.toLowerCase().replace(/[^a-z0-9]+/g, '-').replace(/^-+|-+$/g, '');
> 72 |       const doc = await db.collection("pages").doc(docId).get();
     |                                                           ^
  73 |       if (doc.exists) {
  74 |         return doc.data() as PageData;
  75 |       }
Firestore fetching error (pages): Error: Could not load the default credentials. Browse to https://cloud.google.com/docs/authentication/getting-started for more information.
    at eval (src/lib/firestore.ts:72:59)
    at eval (src/app/[lang]/layout.tsx:100:42)
    at Array.map (<anonymous>)
    at getMenuItems (src/app/[lang]/layout.tsx:96:20)
    at RootLayout (src/app/[lang]/layout.tsx:200:27)
  70 |       // The doc ID in Firestore is a slugified version of title_en
  71 |       const docId = pageTitle.toLowerCase().replace(/[^a-z0-9]+/g, '-').replace(/^-+|-+$/g, '');
> 72 |       const doc = await db.collection("pages").doc(docId).get();
     |                                                           ^
  73 |       if (doc.exists) {
  74 |         return doc.data() as PageData;
  75 |       }
Firestore fetching error (socials): Error: Could not load the default credentials. Browse to https://cloud.google.com/docs/authentication/getting-started for more information.
    at getAllFromCollection (src/lib/firestore.ts:59:58)
    at eval (src/lib/firestore.ts:270:10)
    at RootLayout (src/app/[lang]/layout.tsx:183:39)
  57 | async function getAllFromCollection<T extends FirebaseFirestore.DocumentData>(collectionName: string): Promise<T[]> {
  58 |   try {
> 59 |     const snapshot = await db.collection(collectionName).get();
     |                                                          ^
  60 |     return snapshot.docs.map(doc => doc.data() as T);
  61 |   } catch (error) {
  62 |     console.error(`Firestore fetching error (${collectionName}):`, error);
Firestore fetching error (products): Error: Could not load the default credentials. Browse to https://cloud.google.com/docs/authentication/getting-started for more information.
    at getAllFromCollection (src/lib/firestore.ts:59:58)
    at eval (src/lib/firestore.ts:336:26)
    at fetchProductsFromFirestore (src/lib/products.ts:9:45)
    at getProducts (src/lib/products.ts:139:22)
    at getFilteredProductsForMenu (src/lib/products.ts:164:29)
    at BudsPage (src/app/[lang]/menu/buds/page.tsx:48:52)
  57 | async function getAllFromCollection<T extends FirebaseFirestore.DocumentData>(collectionName: string): Promise<T[]> {
  58 |   try {
> 59 |     const snapshot = await db.collection(collectionName).get();
     |                                                          ^
  60 |     return snapshot.docs.map(doc => doc.data() as T);
  61 |   } catch (error) {
  62 |     console.error(`Firestore fetching error (${collectionName}):`, error);
[Products] Raw products from Firestore: 0
[Products] Mapped category counts: {}
[Products] Successfully mapped 0 products.
Fetched Products: []
Firestore fetching error (pages): Error: Could not load the default credentials. Browse to https://cloud.google.com/docs/authentication/getting-started for more information.
    at eval (src/lib/firestore.ts:72:59)
    at eval (src/components/MenuListInline.tsx:23:38)
    at Array.map (<anonymous>)
    at MenuListInline (src/components/MenuListInline.tsx:22:15)
  70 |       // The doc ID in Firestore is a slugified version of title_en
  71 |       const docId = pageTitle.toLowerCase().replace(/[^a-z0-9]+/g, '-').replace(/^-+|-+$/g, '');
> 72 |       const doc = await db.collection("pages").doc(docId).get();
     |                                                           ^
  73 |       if (doc.exists) {
  74 |         return doc.data() as PageData;
  75 |       }
Firestore fetching error (pages): Error: Could not load the default credentials. Browse to https://cloud.google.com/docs/authentication/getting-started for more information.
    at eval (src/lib/firestore.ts:72:59)
    at eval (src/components/MenuListInline.tsx:23:38)
    at Array.map (<anonymous>)
    at MenuListInline (src/components/MenuListInline.tsx:22:15)
  70 |       // The doc ID in Firestore is a slugified version of title_en
  71 |       const docId = pageTitle.toLowerCase().replace(/[^a-z0-9]+/g, '-').replace(/^-+|-+$/g, '');
> 72 |       const doc = await db.collection("pages").doc(docId).get();
     |                                                           ^
  73 |       if (doc.exists) {
  74 |         return doc.data() as PageData;
  75 |       }
Firestore fetching error (pages): Error: Could not load the default credentials. Browse to https://cloud.google.com/docs/authentication/getting-started for more information.
    at eval (src/lib/firestore.ts:72:59)
    at eval (src/components/MenuListInline.tsx:23:38)
    at Array.map (<anonymous>)
    at MenuListInline (src/components/MenuListInline.tsx:22:15)
  70 |       // The doc ID in Firestore is a slugified version of title_en
  71 |       const docId = pageTitle.toLowerCase().replace(/[^a-z0-9]+/g, '-').replace(/^-+|-+$/g, '');
> 72 |       const doc = await db.collection("pages").doc(docId).get();
     |                                                           ^
  73 |       if (doc.exists) {
  74 |         return doc.data() as PageData;
  75 |       }
Firestore fetching error (sections): Error: Could not load the default credentials. Browse to https://cloud.google.com/docs/authentication/getting-started for more information.
    at getAllFromCollection (src/lib/firestore.ts:59:58)
    at eval (src/lib/firestore.ts:389:10)
    at RootLayout (src/app/[lang]/layout.tsx:184:41)
  57 | async function getAllFromCollection<T extends FirebaseFirestore.DocumentData>(collectionName: string): Promise<T[]> {
  58 |   try {
> 59 |     const snapshot = await db.collection(collectionName).get();
     |                                                          ^
  60 |     return snapshot.docs.map(doc => doc.data() as T);
  61 |   } catch (error) {
  62 |     console.error(`Firestore fetching error (${collectionName}):`, error);
Firestore fetching error (pages): Error: Could not load the default credentials. Browse to https://cloud.google.com/docs/authentication/getting-started for more information.
    at eval (src/lib/firestore.ts:72:59)
    at eval (src/components/MenuListInline.tsx:23:38)
    at Array.map (<anonymous>)
    at MenuListInline (src/components/MenuListInline.tsx:22:15)
  70 |       // The doc ID in Firestore is a slugified version of title_en
  71 |       const docId = pageTitle.toLowerCase().replace(/[^a-z0-9]+/g, '-').replace(/^-+|-+$/g, '');
> 72 |       const doc = await db.collection("pages").doc(docId).get();
     |                                                           ^
  73 |       if (doc.exists) {
  74 |         return doc.data() as PageData;
  75 |       }
Firestore fetching error (pages): Error: Could not load the default credentials. Browse to https://cloud.google.com/docs/authentication/getting-started for more information.
    at eval (src/lib/firestore.ts:72:59)
    at eval (src/app/[lang]/layout.tsx:100:42)
    at Array.map (<anonymous>)
    at getMenuItems (src/app/[lang]/layout.tsx:96:20)
    at RootLayout (src/app/[lang]/layout.tsx:200:27)
  70 |       // The doc ID in Firestore is a slugified version of title_en
  71 |       const docId = pageTitle.toLowerCase().replace(/[^a-z0-9]+/g, '-').replace(/^-+|-+$/g, '');
> 72 |       const doc = await db.collection("pages").doc(docId).get();
     |                                                           ^
  73 |       if (doc.exists) {
  74 |         return doc.data() as PageData;
  75 |       }
Firestore fetching error (pages): Error: Could not load the default credentials. Browse to https://cloud.google.com/docs/authentication/getting-started for more information.
    at eval (src/lib/firestore.ts:72:59)
    at eval (src/app/[lang]/layout.tsx:100:42)
    at Array.map (<anonymous>)
    at getMenuItems (src/app/[lang]/layout.tsx:96:20)
    at RootLayout (src/app/[lang]/layout.tsx:200:27)
  70 |       // The doc ID in Firestore is a slugified version of title_en
  71 |       const docId = pageTitle.toLowerCase().replace(/[^a-z0-9]+/g, '-').replace(/^-+|-+$/g, '');
> 72 |       const doc = await db.collection("pages").doc(docId).get();
     |                                                           ^
  73 |       if (doc.exists) {
  74 |         return doc.data() as PageData;
  75 |       }
Firestore fetching error (pages): Error: Could not load the default credentials. Browse to https://cloud.google.com/docs/authentication/getting-started for more information.
    at eval (src/lib/firestore.ts:72:59)
    at eval (src/app/[lang]/layout.tsx:100:42)
    at Array.map (<anonymous>)
    at getMenuItems (src/app/[lang]/layout.tsx:96:20)
    at RootLayout (src/app/[lang]/layout.tsx:200:27)
  70 |       // The doc ID in Firestore is a slugified version of title_en
  71 |       const docId = pageTitle.toLowerCase().replace(/[^a-z0-9]+/g, '-').replace(/^-+|-+$/g, '');
> 72 |       const doc = await db.collection("pages").doc(docId).get();
     |                                                           ^
  73 |       if (doc.exists) {
  74 |         return doc.data() as PageData;
  75 |       }
Firestore fetching error (pages): Error: Could not load the default credentials. Browse to https://cloud.google.com/docs/authentication/getting-started for more information.
    at eval (src/lib/firestore.ts:72:59)
    at eval (src/app/[lang]/layout.tsx:100:42)
    at Array.map (<anonymous>)
    at getMenuItems (src/app/[lang]/layout.tsx:96:20)
    at RootLayout (src/app/[lang]/layout.tsx:200:27)
  70 |       // The doc ID in Firestore is a slugified version of title_en
  71 |       const docId = pageTitle.toLowerCase().replace(/[^a-z0-9]+/g, '-').replace(/^-+|-+$/g, '');
> 72 |       const doc = await db.collection("pages").doc(docId).get();
     |                                                           ^
  73 |       if (doc.exists) {
  74 |         return doc.data() as PageData;
  75 |       }
Firestore fetching error (pages): Error: Could not load the default credentials. Browse to https://cloud.google.com/docs/authentication/getting-started for more information.
    at eval (src/lib/firestore.ts:72:59)
    at eval (src/app/[lang]/layout.tsx:100:42)
    at Array.map (<anonymous>)
    at getMenuItems (src/app/[lang]/layout.tsx:96:20)
    at RootLayout (src/app/[lang]/layout.tsx:200:27)
  70 |       // The doc ID in Firestore is a slugified version of title_en
  71 |       const docId = pageTitle.toLowerCase().replace(/[^a-z0-9]+/g, '-').replace(/^-+|-+$/g, '');
> 72 |       const doc = await db.collection("pages").doc(docId).get();
     |                                                           ^
  73 |       if (doc.exists) {
  74 |         return doc.data() as PageData;
  75 |       }
Firestore fetching error (pages): Error: Could not load the default credentials. Browse to https://cloud.google.com/docs/authentication/getting-started for more information.
    at eval (src/lib/firestore.ts:72:59)
    at eval (src/app/[lang]/layout.tsx:100:42)
    at Array.map (<anonymous>)
    at getMenuItems (src/app/[lang]/layout.tsx:96:20)
    at RootLayout (src/app/[lang]/layout.tsx:200:27)
  70 |       // The doc ID in Firestore is a slugified version of title_en
  71 |       const docId = pageTitle.toLowerCase().replace(/[^a-z0-9]+/g, '-').replace(/^-+|-+$/g, '');
> 72 |       const doc = await db.collection("pages").doc(docId).get();
     |                                                           ^
  73 |       if (doc.exists) {
  74 |         return doc.data() as PageData;
  75 |       }
Firestore fetching error (pages): Error: Could not load the default credentials. Browse to https://cloud.google.com/docs/authentication/getting-started for more information.
    at eval (src/lib/firestore.ts:72:59)
    at eval (src/app/[lang]/layout.tsx:100:42)
    at Array.map (<anonymous>)
    at getMenuItems (src/app/[lang]/layout.tsx:96:20)
    at RootLayout (src/app/[lang]/layout.tsx:200:27)
  70 |       // The doc ID in Firestore is a slugified version of title_en
  71 |       const docId = pageTitle.toLowerCase().replace(/[^a-z0-9]+/g, '-').replace(/^-+|-+$/g, '');
> 72 |       const doc = await db.collection("pages").doc(docId).get();
     |                                                           ^
  73 |       if (doc.exists) {
  74 |         return doc.data() as PageData;
  75 |       }
Firestore fetching error (pages): Error: Could not load the default credentials. Browse to https://cloud.google.com/docs/authentication/getting-started for more information.
    at eval (src/lib/firestore.ts:72:59)
    at eval (src/app/[lang]/layout.tsx:100:42)
    at Array.map (<anonymous>)
    at getMenuItems (src/app/[lang]/layout.tsx:96:20)
    at RootLayout (src/app/[lang]/layout.tsx:200:27)
  70 |       // The doc ID in Firestore is a slugified version of title_en
  71 |       const docId = pageTitle.toLowerCase().replace(/[^a-z0-9]+/g, '-').replace(/^-+|-+$/g, '');
> 72 |       const doc = await db.collection("pages").doc(docId).get();
     |                                                           ^
  73 |       if (doc.exists) {
  74 |         return doc.data() as PageData;
  75 |       }
Firestore fetching error (pages): Error: Could not load the default credentials. Browse to https://cloud.google.com/docs/authentication/getting-started for more information.
    at eval (src/lib/firestore.ts:72:59)
    at eval (src/app/[lang]/layout.tsx:100:42)
    at Array.map (<anonymous>)
    at getMenuItems (src/app/[lang]/layout.tsx:96:20)
    at RootLayout (src/app/[lang]/layout.tsx:200:27)
  70 |       // The doc ID in Firestore is a slugified version of title_en
  71 |       const docId = pageTitle.toLowerCase().replace(/[^a-z0-9]+/g, '-').replace(/^-+|-+$/g, '');
> 72 |       const doc = await db.collection("pages").doc(docId).get();
     |                                                           ^
  73 |       if (doc.exists) {
  74 |         return doc.data() as PageData;
  75 |       }
Firestore fetching error (pages): Error: Could not load the default credentials. Browse to https://cloud.google.com/docs/authentication/getting-started for more information.
    at eval (src/lib/firestore.ts:72:59)
    at eval (src/app/[lang]/layout.tsx:100:42)
    at Array.map (<anonymous>)
    at getMenuItems (src/app/[lang]/layout.tsx:96:20)
    at RootLayout (src/app/[lang]/layout.tsx:200:27)
  70 |       // The doc ID in Firestore is a slugified version of title_en
  71 |       const docId = pageTitle.toLowerCase().replace(/[^a-z0-9]+/g, '-').replace(/^-+|-+$/g, '');
> 72 |       const doc = await db.collection("pages").doc(docId).get();
     |                                                           ^
  73 |       if (doc.exists) {
  74 |         return doc.data() as PageData;
  75 |       }
Firestore fetching error (pages): Error: Could not load the default credentials. Browse to https://cloud.google.com/docs/authentication/getting-started for more information.
    at eval (src/lib/firestore.ts:72:59)
    at eval (src/app/[lang]/layout.tsx:100:42)
    at Array.map (<anonymous>)
    at getMenuItems (src/app/[lang]/layout.tsx:96:20)
    at RootLayout (src/app/[lang]/layout.tsx:200:27)
  70 |       // The doc ID in Firestore is a slugified version of title_en
  71 |       const docId = pageTitle.toLowerCase().replace(/[^a-z0-9]+/g, '-').replace(/^-+|-+$/g, '');
> 72 |       const doc = await db.collection("pages").doc(docId).get();
     |                                                           ^
  73 |       if (doc.exists) {
  74 |         return doc.data() as PageData;
  75 |       }
Firestore fetching error (pages): Error: Could not load the default credentials. Browse to https://cloud.google.com/docs/authentication/getting-started for more information.
    at eval (src/lib/firestore.ts:72:59)
    at eval (src/app/[lang]/layout.tsx:100:42)
    at Array.map (<anonymous>)
    at getMenuItems (src/app/[lang]/layout.tsx:96:20)
    at RootLayout (src/app/[lang]/layout.tsx:200:27)
  70 |       // The doc ID in Firestore is a slugified version of title_en
  71 |       const docId = pageTitle.toLowerCase().replace(/[^a-z0-9]+/g, '-').replace(/^-+|-+$/g, '');
> 72 |       const doc = await db.collection("pages").doc(docId).get();
     |                                                           ^
  73 |       if (doc.exists) {
  74 |         return doc.data() as PageData;
  75 |       }
 GET /menu/buds 200 in 37742ms
[Firebase Admin] Initializing... {
  appsLength: 0,
  nodeEnv: 'development',
  hasClientEmail: false,
  hasPrivateKey: false
}
[Products] products.ts loaded
Firestore fetching error (locations): Error: Could not load the default credentials. Browse to https://cloud.google.com/docs/authentication/getting-started for more information.
    at getAllFromCollection (src/lib/firestore.ts:59:58)
    at eval (src/lib/firestore.ts:152:22)
    at getOrganizationData (src/lib/organization-data.ts:9:42)
    at RootLayout (src/app/[lang]/layout.tsx:182:53)
  57 | async function getAllFromCollection<T extends FirebaseFirestore.DocumentData>(collectionName: string): Promise<T[]> {
  58 |   try {
> 59 |     const snapshot = await db.collection(collectionName).get();
     |                                                          ^
  60 |     return snapshot.docs.map(doc => doc.data() as T);
  61 |   } catch (error) {
  62 |     console.error(`Firestore fetching error (${collectionName}):`, error);
 HEAD /menu/buds 200 in 8061ms
Firestore fetching error (pages): Error: Could not load the default credentials. Browse to https://cloud.google.com/docs/authentication/getting-started for more information.
    at eval (src/lib/firestore.ts:72:59)
    at BudsPage (src/app/[lang]/menu/buds/page.tsx:33:38)
  70 |       // The doc ID in Firestore is a slugified version of title_en
  71 |       const docId = pageTitle.toLowerCase().replace(/[^a-z0-9]+/g, '-').replace(/^-+|-+$/g, '');
> 72 |       const doc = await db.collection("pages").doc(docId).get();
     |                                                           ^
  73 |       if (doc.exists) {
  74 |         return doc.data() as PageData;
  75 |       }
Firestore fetching error (socials): Error: Could not load the default credentials. Browse to https://cloud.google.com/docs/authentication/getting-started for more information.
    at getAllFromCollection (src/lib/firestore.ts:59:58)
    at eval (src/lib/firestore.ts:270:10)
    at RootLayout (src/app/[lang]/layout.tsx:183:39)
  57 | async function getAllFromCollection<T extends FirebaseFirestore.DocumentData>(collectionName: string): Promise<T[]> {
  58 |   try {
> 59 |     const snapshot = await db.collection(collectionName).get();
     |                                                          ^
  60 |     return snapshot.docs.map(doc => doc.data() as T);
  61 |   } catch (error) {
  62 |     console.error(`Firestore fetching error (${collectionName}):`, error);
Firestore fetching error (products): Error: Could not load the default credentials. Browse to https://cloud.google.com/docs/authentication/getting-started for more information.
    at getAllFromCollection (src/lib/firestore.ts:59:58)
    at eval (src/lib/firestore.ts:336:26)
    at fetchProductsFromFirestore (src/lib/products.ts:9:45)
    at getProducts (src/lib/products.ts:139:22)
    at getFilteredProductsForMenu (src/lib/products.ts:164:29)
    at BudsPage (src/app/[lang]/menu/buds/page.tsx:48:52)
  57 | async function getAllFromCollection<T extends FirebaseFirestore.DocumentData>(collectionName: string): Promise<T[]> {
  58 |   try {
> 59 |     const snapshot = await db.collection(collectionName).get();
     |                                                          ^
  60 |     return snapshot.docs.map(doc => doc.data() as T);
  61 |   } catch (error) {
  62 |     console.error(`Firestore fetching error (${collectionName}):`, error);
[Products] Raw products from Firestore: 0
[Products] Mapped category counts: {}
[Products] Successfully mapped 0 products.
Fetched Products: []
Firestore fetching error (pages): Error: Could not load the default credentials. Browse to https://cloud.google.com/docs/authentication/getting-started for more information.
    at eval (src/lib/firestore.ts:72:59)
    at eval (src/components/MenuListInline.tsx:23:38)
    at Array.map (<anonymous>)
    at MenuListInline (src/components/MenuListInline.tsx:22:15)
  70 |       // The doc ID in Firestore is a slugified version of title_en
  71 |       const docId = pageTitle.toLowerCase().replace(/[^a-z0-9]+/g, '-').replace(/^-+|-+$/g, '');
> 72 |       const doc = await db.collection("pages").doc(docId).get();
     |                                                           ^
  73 |       if (doc.exists) {
  74 |         return doc.data() as PageData;
  75 |       }
Firestore fetching error (pages): Error: Could not load the default credentials. Browse to https://cloud.google.com/docs/authentication/getting-started for more information.
    at eval (src/lib/firestore.ts:72:59)
    at eval (src/components/MenuListInline.tsx:23:38)
    at Array.map (<anonymous>)
    at MenuListInline (src/components/MenuListInline.tsx:22:15)
  70 |       // The doc ID in Firestore is a slugified version of title_en
  71 |       const docId = pageTitle.toLowerCase().replace(/[^a-z0-9]+/g, '-').replace(/^-+|-+$/g, '');
> 72 |       const doc = await db.collection("pages").doc(docId).get();
     |                                                           ^
  73 |       if (doc.exists) {
  74 |         return doc.data() as PageData;
  75 |       }
Firestore fetching error (sections): Error: Could not load the default credentials. Browse to https://cloud.google.com/docs/authentication/getting-started for more information.
    at getAllFromCollection (src/lib/firestore.ts:59:58)
    at eval (src/lib/firestore.ts:389:10)
    at RootLayout (src/app/[lang]/layout.tsx:184:41)
  57 | async function getAllFromCollection<T extends FirebaseFirestore.DocumentData>(collectionName: string): Promise<T[]> {
  58 |   try {
> 59 |     const snapshot = await db.collection(collectionName).get();
     |                                                          ^
  60 |     return snapshot.docs.map(doc => doc.data() as T);
  61 |   } catch (error) {
  62 |     console.error(`Firestore fetching error (${collectionName}):`, error);
Firestore fetching error (pages): Error: Could not load the default credentials. Browse to https://cloud.google.com/docs/authentication/getting-started for more information.
    at eval (src/lib/firestore.ts:72:59)
    at eval (src/components/MenuListInline.tsx:23:38)
    at Array.map (<anonymous>)
    at MenuListInline (src/components/MenuListInline.tsx:22:15)
  70 |       // The doc ID in Firestore is a slugified version of title_en
  71 |       const docId = pageTitle.toLowerCase().replace(/[^a-z0-9]+/g, '-').replace(/^-+|-+$/g, '');
> 72 |       const doc = await db.collection("pages").doc(docId).get();
     |                                                           ^
  73 |       if (doc.exists) {
  74 |         return doc.data() as PageData;
  75 |       }
Firestore fetching error (pages): Error: Could not load the default credentials. Browse to https://cloud.google.com/docs/authentication/getting-started for more information.
    at eval (src/lib/firestore.ts:72:59)
    at eval (src/components/MenuListInline.tsx:23:38)
    at Array.map (<anonymous>)
    at MenuListInline (src/components/MenuListInline.tsx:22:15)
  70 |       // The doc ID in Firestore is a slugified version of title_en
  71 |       const docId = pageTitle.toLowerCase().replace(/[^a-z0-9]+/g, '-').replace(/^-+|-+$/g, '');
> 72 |       const doc = await db.collection("pages").doc(docId).get();
     |                                                           ^
  73 |       if (doc.exists) {
  74 |         return doc.data() as PageData;
  75 |       }
Firestore fetching error (pages): Error: Could not load the default credentials. Browse to https://cloud.google.com/docs/authentication/getting-started for more information.
    at eval (src/lib/firestore.ts:72:59)
    at eval (src/app/[lang]/layout.tsx:100:42)
    at Array.map (<anonymous>)
    at getMenuItems (src/app/[lang]/layout.tsx:96:20)
    at RootLayout (src/app/[lang]/layout.tsx:200:27)
  70 |       // The doc ID in Firestore is a slugified version of title_en
  71 |       const docId = pageTitle.toLowerCase().replace(/[^a-z0-9]+/g, '-').replace(/^-+|-+$/g, '');
> 72 |       const doc = await db.collection("pages").doc(docId).get();
     |                                                           ^
  73 |       if (doc.exists) {
  74 |         return doc.data() as PageData;
  75 |       }
Firestore fetching error (pages): Error: Could not load the default credentials. Browse to https://cloud.google.com/docs/authentication/getting-started for more information.
    at eval (src/lib/firestore.ts:72:59)
    at eval (src/app/[lang]/layout.tsx:100:42)
    at Array.map (<anonymous>)
    at getMenuItems (src/app/[lang]/layout.tsx:96:20)
    at RootLayout (src/app/[lang]/layout.tsx:200:27)
  70 |       // The doc ID in Firestore is a slugified version of title_en
  71 |       const docId = pageTitle.toLowerCase().replace(/[^a-z0-9]+/g, '-').replace(/^-+|-+$/g, '');
> 72 |       const doc = await db.collection("pages").doc(docId).get();
     |                                                           ^
  73 |       if (doc.exists) {
  74 |         return doc.data() as PageData;
  75 |       }
Firestore fetching error (pages): Error: Could not load the default credentials. Browse to https://cloud.google.com/docs/authentication/getting-started for more information.
    at eval (src/lib/firestore.ts:72:59)
    at eval (src/app/[lang]/layout.tsx:100:42)
    at Array.map (<anonymous>)
    at getMenuItems (src/app/[lang]/layout.tsx:96:20)
    at RootLayout (src/app/[lang]/layout.tsx:200:27)
  70 |       // The doc ID in Firestore is a slugified version of title_en
  71 |       const docId = pageTitle.toLowerCase().replace(/[^a-z0-9]+/g, '-').replace(/^-+|-+$/g, '');
> 72 |       const doc = await db.collection("pages").doc(docId).get();
     |                                                           ^
  73 |       if (doc.exists) {
  74 |         return doc.data() as PageData;
  75 |       }
Firestore fetching error (pages): Error: Could not load the default credentials. Browse to https://cloud.google.com/docs/authentication/getting-started for more information.
    at eval (src/lib/firestore.ts:72:59)
    at eval (src/app/[lang]/layout.tsx:100:42)
    at Array.map (<anonymous>)
    at getMenuItems (src/app/[lang]/layout.tsx:96:20)
    at RootLayout (src/app/[lang]/layout.tsx:200:27)
  70 |       // The doc ID in Firestore is a slugified version of title_en
  71 |       const docId = pageTitle.toLowerCase().replace(/[^a-z0-9]+/g, '-').replace(/^-+|-+$/g, '');
> 72 |       const doc = await db.collection("pages").doc(docId).get();
     |                                                           ^
  73 |       if (doc.exists) {
  74 |         return doc.data() as PageData;
  75 |       }
Firestore fetching error (pages): Error: Could not load the default credentials. Browse to https://cloud.google.com/docs/authentication/getting-started for more information.
    at eval (src/lib/firestore.ts:72:59)
    at eval (src/app/[lang]/layout.tsx:100:42)
    at Array.map (<anonymous>)
    at getMenuItems (src/app/[lang]/layout.tsx:96:20)
    at RootLayout (src/app/[lang]/layout.tsx:200:27)
  70 |       // The doc ID in Firestore is a slugified version of title_en
  71 |       const docId = pageTitle.toLowerCase().replace(/[^a-z0-9]+/g, '-').replace(/^-+|-+$/g, '');
> 72 |       const doc = await db.collection("pages").doc(docId).get();
     |                                                           ^
  73 |       if (doc.exists) {
  74 |         return doc.data() as PageData;
  75 |       }
Firestore fetching error (pages): Error: Could not load the default credentials. Browse to https://cloud.google.com/docs/authentication/getting-started for more information.
    at eval (src/lib/firestore.ts:72:59)
    at eval (src/app/[lang]/layout.tsx:100:42)
    at Array.map (<anonymous>)
    at getMenuItems (src/app/[lang]/layout.tsx:96:20)
    at RootLayout (src/app/[lang]/layout.tsx:200:27)
  70 |       // The doc ID in Firestore is a slugified version of title_en
  71 |       const docId = pageTitle.toLowerCase().replace(/[^a-z0-9]+/g, '-').replace(/^-+|-+$/g, '');
> 72 |       const doc = await db.collection("pages").doc(docId).get();
     |                                                           ^
  73 |       if (doc.exists) {
  74 |         return doc.data() as PageData;
  75 |       }
Firestore fetching error (pages): Error: Could not load the default credentials. Browse to https://cloud.google.com/docs/authentication/getting-started for more information.
    at eval (src/lib/firestore.ts:72:59)
    at eval (src/app/[lang]/layout.tsx:100:42)
    at Array.map (<anonymous>)
    at getMenuItems (src/app/[lang]/layout.tsx:96:20)
    at RootLayout (src/app/[lang]/layout.tsx:200:27)
  70 |       // The doc ID in Firestore is a slugified version of title_en
  71 |       const docId = pageTitle.toLowerCase().replace(/[^a-z0-9]+/g, '-').replace(/^-+|-+$/g, '');
> 72 |       const doc = await db.collection("pages").doc(docId).get();
     |                                                           ^
  73 |       if (doc.exists) {
  74 |         return doc.data() as PageData;
  75 |       }
Firestore fetching error (pages): Error: Could not load the default credentials. Browse to https://cloud.google.com/docs/authentication/getting-started for more information.
    at eval (src/lib/firestore.ts:72:59)
    at eval (src/app/[lang]/layout.tsx:100:42)
    at Array.map (<anonymous>)
    at getMenuItems (src/app/[lang]/layout.tsx:96:20)
    at RootLayout (src/app/[lang]/layout.tsx:200:27)
  70 |       // The doc ID in Firestore is a slugified version of title_en
  71 |       const docId = pageTitle.toLowerCase().replace(/[^a-z0-9]+/g, '-').replace(/^-+|-+$/g, '');
> 72 |       const doc = await db.collection("pages").doc(docId).get();
     |                                                           ^
  73 |       if (doc.exists) {
  74 |         return doc.data() as PageData;
  75 |       }
Firestore fetching error (pages): Error: Could not load the default credentials. Browse to https://cloud.google.com/docs/authentication/getting-started for more information.
    at eval (src/lib/firestore.ts:72:59)
    at eval (src/app/[lang]/layout.tsx:100:42)
    at Array.map (<anonymous>)
    at getMenuItems (src/app/[lang]/layout.tsx:96:20)
    at RootLayout (src/app/[lang]/layout.tsx:200:27)
  70 |       // The doc ID in Firestore is a slugified version of title_en
  71 |       const docId = pageTitle.toLowerCase().replace(/[^a-z0-9]+/g, '-').replace(/^-+|-+$/g, '');
> 72 |       const doc = await db.collection("pages").doc(docId).get();
     |                                                           ^
  73 |       if (doc.exists) {
  74 |         return doc.data() as PageData;
  75 |       }
Firestore fetching error (pages): Error: Could not load the default credentials. Browse to https://cloud.google.com/docs/authentication/getting-started for more information.
    at eval (src/lib/firestore.ts:72:59)
    at eval (src/app/[lang]/layout.tsx:100:42)
    at Array.map (<anonymous>)
    at getMenuItems (src/app/[lang]/layout.tsx:96:20)
    at RootLayout (src/app/[lang]/layout.tsx:200:27)
  70 |       // The doc ID in Firestore is a slugified version of title_en
  71 |       const docId = pageTitle.toLowerCase().replace(/[^a-z0-9]+/g, '-').replace(/^-+|-+$/g, '');
> 72 |       const doc = await db.collection("pages").doc(docId).get();
     |                                                           ^
  73 |       if (doc.exists) {
  74 |         return doc.data() as PageData;
  75 |       }
Firestore fetching error (pages): Error: Could not load the default credentials. Browse to https://cloud.google.com/docs/authentication/getting-started for more information.
    at eval (src/lib/firestore.ts:72:59)
    at eval (src/app/[lang]/layout.tsx:100:42)
    at Array.map (<anonymous>)
    at getMenuItems (src/app/[lang]/layout.tsx:96:20)
    at RootLayout (src/app/[lang]/layout.tsx:200:27)
  70 |       // The doc ID in Firestore is a slugified version of title_en
  71 |       const docId = pageTitle.toLowerCase().replace(/[^a-z0-9]+/g, '-').replace(/^-+|-+$/g, '');
> 72 |       const doc = await db.collection("pages").doc(docId).get();
     |                                                           ^
  73 |       if (doc.exists) {
  74 |         return doc.data() as PageData;
  75 |       }
Firestore fetching error (pages): Error: Could not load the default credentials. Browse to https://cloud.google.com/docs/authentication/getting-started for more information.
    at eval (src/lib/firestore.ts:72:59)
    at eval (src/app/[lang]/layout.tsx:100:42)
    at Array.map (<anonymous>)
    at getMenuItems (src/app/[lang]/layout.tsx:96:20)
    at RootLayout (src/app/[lang]/layout.tsx:200:27)
  70 |       // The doc ID in Firestore is a slugified version of title_en
  71 |       const docId = pageTitle.toLowerCase().replace(/[^a-z0-9]+/g, '-').replace(/^-+|-+$/g, '');
> 72 |       const doc = await db.collection("pages").doc(docId).get();
     |                                                           ^
  73 |       if (doc.exists) {
  74 |         return doc.data() as PageData;
  75 |       }
